count,amount,product_name,created_time
3,18.50,GUILD,"2019-06-19 13:23:00.067515"
100,17.75,GUILD,"2019-07-09 18:55:15.068150"
101,17.75,GUILD,"2019-07-11 23:13:55.494677"
299,17.75,GUILD,"2019-07-12 17:01:34.077648"
100,17.75,GUILD,"2019-07-24 19:40:44.300688"
150,17.75,GUILD,"2019-07-29 15:01:44.524884"
3,18.50,GUILD,"2019-08-06 16:49:47.715779"
10,18.25,GUILD,"2019-08-07 05:15:02.258781"
237,17.75,GUILD,"2019-08-07 12:35:34.800626"
400,17.75,GUILD,"2019-08-07 12:56:26.506737"
100,17.75,GUILD,"2019-08-07 14:20:39.482045"
100,20.00,GUILD,"2019-12-19 17:57:08.266732"
20,20.00,GUILD,"2020-01-09 01:14:15.040903"
20,20.00,GUILD,"2020-01-11 19:06:53.540725"
1,20.10,GUILD,"2020-02-07 14:17:54.838349"
1,20.10,GUILD,"2020-02-13 17:48:39.762933"
2,20.10,GUILD,"2020-02-15 17:05:40.144948"
1,20.10,GUILD,"2020-02-23 19:36:11.072570"
1,20.10,GUILD,"2020-02-28 00:28:07.109448"
2,20.10,GUILD,"2020-03-02 22:49:49.121368"
2,20.10,GUILD,"2020-03-07 13:35:50.847508"
2,20.10,GUILD,"2020-03-07 13:39:10.761496"
1,20.10,GUILD,"2020-03-11 01:07:40.161360"
1,20.10,GUILD,"2020-03-14 13:28:52.964770"
1,20.10,GUILD,"2020-03-14 19:28:30.785169"
2,20.10,GUILD,"2020-03-16 13:14:25.799119"
4,20.10,GUILD,"2020-03-16 13:35:07.474985"
3,20.10,GUILD,"2020-03-17 12:14:26.949745"
1,20.10,GUILD,"2020-03-17 17:33:40.601377"
1,20.10,GUILD,"2020-03-19 00:26:30.471908"
1,20.10,GUILD,"2020-03-19 15:58:23.823148"
4,20.10,GUILD,"2020-03-20 13:40:23.504675"
1,20.10,GUILD,"2020-03-20 14:15:17.049568"
4,20.10,GUILD,"2020-03-20 15:47:22.100274"
4,20.10,GUILD,"2020-03-20 21:31:33.178026"
4,48.80,"BEST ","2019-09-17 06:42:20.223828"
3,48.80,"BEST ","2019-09-27 20:49:08.973911"
2,23.80,Skype,"2020-02-09 19:03:44.854672"
2,23.80,Skype,"2020-02-10 13:00:41.331191"
5,23.80,Skype,"2020-02-28 15:48:57.588513"
5,23.80,Skype,"2020-05-15 15:30:45.557370"
2,23.80,Skype,"2020-06-09 18:41:03.417845"
1,23.80,Skype,"2020-06-23 13:39:46.979892"
1,23.80,Skype,"2020-07-16 10:02:29.300810"
10,23.75,Skype,"2020-07-27 20:38:39.499081"
1,23.80,Skype,"2020-08-14 22:21:00.116783"
1,23.80,Skype,"2020-08-21 11:17:43.031605"
10,9.65,Skype,"2020-04-03 15:03:38.723364"
2,9.70,Skype,"2020-04-29 10:50:46.908509"
10,9.65,Skype,"2020-05-31 03:03:07.876672"
1,9.70,Skype,"2020-06-01 14:52:03.027874"
3,9.70,Skype,"2020-06-09 18:40:53.694027"
10,9.65,Skype,"2020-06-11 12:58:11.006617"
2,9.70,Skype,"2020-06-23 13:39:36.659122"
10,9.65,Skype,"2020-07-06 22:26:40.320114"
5,9.70,Skype,"2020-07-17 18:25:04.218637"
10,9.65,Skype,"2020-07-27 20:38:29.924527"
1,9.70,Skype,"2020-08-12 00:58:58.238698"
1,9.70,Skype,"2020-08-14 00:16:40.232759"
1,9.70,Skype,"2020-08-18 16:34:53.131714"
1,9.70,Skype,"2020-08-25 19:19:35.569269"
1,9.70,Skype,"2020-09-02 03:54:27.257385"
1,9.70,Skype,"2020-09-06 13:20:38.824938"
1,9.70,Skype,"2020-09-07 08:33:17.310033"
5,9.70,Skype,"2020-09-15 11:20:58.632230"
1,9.70,Skype,"2020-10-15 23:51:48.839854"
5,54.75,PlayS,"2019-07-04 15:59:26.549947"
3,54.75,PlayS,"2019-07-08 19:39:12.314400"
4,54.75,PlayS,"2019-07-17 10:19:09.138752"
20,54.60,PlayS,"2019-09-04 15:48:43.295156"
100,54.50,PlayS,"2019-09-05 06:36:37.863184"
5,54.75,PlayS,"2019-09-06 08:54:58.388242"
10,54.60,PlayS,"2019-09-17 07:23:30.265112"
50,53.00,PlayS,"2019-10-28 19:14:26.730607"
1,53.10,PlayS,"2019-11-02 13:07:59.128090"
120,53.00,PlayS,"2019-11-04 05:16:19.572234"
1,53.10,PlayS,"2019-11-04 19:05:34.005410"
10,53.00,PlayS,"2019-11-07 10:15:29.655621"
11,53.00,PlayS,"2019-11-08 16:31:49.733525"
2,53.10,PlayS,"2019-11-08 16:37:53.080557"
2,53.10,PlayS,"2019-11-24 19:57:16.243716"
3,53.10,PlayS,"2019-11-25 09:54:57.166746"
4,53.10,PlayS,"2019-11-25 17:31:59.492932"
1,53.10,PlayS,"2019-11-26 12:26:01.260432"
55,53.00,PlayS,"2019-11-26 12:26:51.960033"
48,53.00,PlayS,"2019-11-26 16:05:36.714002"
52,53.00,PlayS,"2019-11-26 16:12:17.742571"
1,53.10,PlayS,"2019-11-28 08:45:11.783284"
2,53.10,PlayS,"2019-11-28 16:00:56.435589"
50,53.00,PlayS,"2019-12-05 09:44:29.941517"
50,53.00,PlayS,"2019-12-05 14:37:44.799608"
30,53.00,PlayS,"2019-12-19 18:28:49.622602"
2,53.10,PlayS,"2019-12-22 16:49:57.194265"
10,53.00,PlayS,"2019-12-24 18:12:40.707294"
50,53.00,PlayS,"2019-12-30 18:47:59.324280"
10,53.00,PlayS,"2020-01-02 17:20:03.723888"
10,53.00,PlayS,"2020-01-05 20:15:58.713821"
1,53.10,PlayS,"2020-01-06 13:40:34.377152"
51,53.80,PlayS,"2020-01-06 22:04:36.211331"
3,54.00,PlayS,"2020-01-07 12:37:15.836852"
50,53.80,PlayS,"2020-01-08 21:34:23.194536"
5,54.00,PlayS,"2020-01-10 07:50:48.060463"
10,53.95,PlayS,"2020-01-17 22:36:49.584578"
10,53.95,PlayS,"2020-01-18 04:34:42.586600"
5,54.00,PlayS,"2020-01-19 02:58:10.621887"
30,53.95,PlayS,"2020-01-29 21:33:54.008479"
1,54.00,PlayS,"2020-02-01 17:52:53.414537"
10,53.95,PlayS,"2020-02-05 11:35:56.638108"
50,53.80,PlayS,"2020-02-08 19:30:49.718996"
10,53.95,PlayS,"2020-02-10 16:48:32.098103"
3,54.00,PlayS,"2020-02-16 20:46:10.763895"
50,53.80,PlayS,"2020-02-18 19:40:11.263621"
2,54.00,PlayS,"2020-02-19 07:56:04.631462"
50,53.80,PlayS,"2020-02-19 09:39:51.745017"
1,54.00,PlayS,"2020-02-20 12:53:02.067139"
5,54.00,PlayS,"2020-02-22 09:10:01.346804"
2,54.00,PlayS,"2020-02-22 16:25:32.443610"
1,54.00,PlayS,"2020-02-22 17:55:20.190186"
1,54.00,PlayS,"2020-02-24 08:34:59.319648"
1,54.00,PlayS,"2020-02-24 15:31:08.578694"
5,54.00,PlayS,"2020-02-26 09:56:16.482363"
1,54.00,PlayS,"2020-02-29 10:13:05.412001"
5,54.00,PlayS,"2020-02-29 19:12:16.619231"
50,53.80,PlayS,"2020-03-01 11:00:23.930660"
20,53.95,PlayS,"2020-03-03 18:38:32.098417"
50,53.80,PlayS,"2020-03-10 18:21:36.112498"
50,53.80,PlayS,"2020-03-22 14:38:42.016179"
5,54.00,PlayS,"2020-03-22 16:13:49.818674"
1,54.00,PlayS,"2020-03-28 18:12:38.020912"
4,54.00,PlayS,"2020-03-29 10:53:00.483183"
50,53.80,PlayS,"2020-03-29 20:03:38.362307"
15,53.95,PlayS,"2020-03-30 16:27:27.860857"
50,53.80,PlayS,"2020-04-02 18:28:49.639357"
100,53.80,PlayS,"2020-04-05 22:06:24.059282"
1,54.00,PlayS,"2020-04-12 04:41:56.028272"
2,54.00,PlayS,"2020-04-15 17:51:39.293689"
100,53.80,PlayS,"2020-04-17 17:14:39.906868"
2,54.00,PlayS,"2020-04-20 19:50:31.356939"
10,53.95,PlayS,"2020-04-23 16:35:04.517140"
100,53.80,PlayS,"2020-04-24 19:25:51.968631"
3,54.00,PlayS,"2020-04-27 04:45:26.911649"
10,53.95,PlayS,"2020-04-28 00:01:53.196066"
100,53.80,PlayS,"2020-05-02 19:18:08.236826"
2,54.00,PlayS,"2020-05-07 16:21:29.007480"
50,53.80,PlayS,"2020-05-10 08:15:02.027957"
10,53.95,PlayS,"2020-05-10 22:57:53.475769"
1,54.00,PlayS,"2020-05-19 12:20:19.366311"
1,54.00,PlayS,"2020-05-19 12:20:37.155700"
100,53.80,PlayS,"2020-05-21 22:43:05.189896"
50,53.80,PlayS,"2020-05-25 18:10:33.383683"
15,53.95,PlayS,"2020-05-25 20:11:52.486574"
4,54.00,PlayS,"2020-05-25 22:49:55.787145"
5,54.00,PlayS,"2020-05-26 11:49:48.255740"
1,54.00,PlayS,"2020-05-28 09:06:03.137133"
5,54.00,PlayS,"2020-05-30 11:24:02.798580"
2,54.00,PlayS,"2020-06-02 08:59:23.991873"
1,54.00,PlayS,"2020-06-02 12:37:41.015408"
2,54.00,PlayS,"2020-06-03 08:20:29.393442"
100,53.80,PlayS,"2020-06-05 20:40:26.910887"
1,54.00,PlayS,"2020-06-07 15:44:28.322542"
1,54.00,PlayS,"2020-06-08 09:33:20.563068"
1,54.00,PlayS,"2020-06-10 15:26:31.750600"
15,53.95,PlayS,"2020-06-10 18:03:39.612180"
50,53.80,PlayS,"2020-06-11 19:00:27.485555"
5,54.00,PlayS,"2020-06-14 23:06:28.512087"
1,54.00,PlayS,"2020-06-15 11:02:40.792582"
100,53.80,PlayS,"2020-06-15 19:59:31.175692"
2,54.00,PlayS,"2020-06-17 14:13:20.400243"
1,54.00,PlayS,"2020-06-18 09:20:00.472221"
4,54.00,PlayS,"2020-06-19 11:21:33.230783"
1,51.50,PlayS,"2020-06-23 10:57:55.304461"
1,51.50,PlayS,"2020-06-23 13:13:39.869695"
100,51.40,PlayS,"2020-06-24 19:27:32.707346"
5,51.50,PlayS,"2020-06-25 11:02:40.512747"
1,51.50,PlayS,"2020-06-25 13:19:12.500684"
1,51.50,PlayS,"2020-06-30 04:29:24.282393"
10,51.45,PlayS,"2020-06-30 11:28:05.726290"
2,51.50,PlayS,"2020-07-02 08:30:50.869188"
2,51.50,PlayS,"2020-07-06 10:54:12.009438"
50,51.40,PlayS,"2020-07-06 22:26:03.297266"
50,51.40,PlayS,"2020-07-14 08:50:10.469694"
4,51.50,PlayS,"2020-07-17 11:20:55.615423"
10,51.45,PlayS,"2020-07-21 11:39:28.659184"
100,51.40,PlayS,"2020-07-23 23:13:38.123350"
1,51.50,PlayS,"2020-07-24 12:56:11.886740"
2,51.50,PlayS,"2020-07-27 16:16:33.481032"
1,51.50,PlayS,"2020-07-28 06:37:41.945255"
1,51.50,PlayS,"2020-07-28 14:39:11.222673"
1,51.50,PlayS,"2020-07-28 14:47:13.359377"
1,51.50,PlayS,"2020-07-29 14:39:08.222501"
1,51.50,PlayS,"2020-07-29 17:38:39.152129"
2,51.50,PlayS,"2020-07-31 13:31:27.990910"
2,51.50,PlayS,"2020-08-04 07:30:29.938806"
1,51.50,PlayS,"2020-08-04 16:48:54.914377"
1,51.50,PlayS,"2020-08-05 13:04:05.692639"
2,51.50,PlayS,"2020-08-05 14:14:01.082540"
3,51.50,PlayS,"2020-08-05 15:38:03.827279"
1,51.50,PlayS,"2020-08-06 14:00:32.325823"
3,51.50,PlayS,"2020-08-06 20:52:56.651375"
100,51.40,PlayS,"2020-08-07 22:08:06.819310"
40,51.45,PlayS,"2020-08-08 05:21:03.479874"
30,51.45,PlayS,"2020-08-08 05:39:42.306255"
4,51.50,PlayS,"2020-08-08 10:01:04.941286"
1,51.50,PlayS,"2020-08-08 15:30:09.703694"
5,51.50,PlayS,"2020-08-09 12:01:37.402312"
2,51.50,PlayS,"2020-08-09 15:36:17.634468"
3,51.50,PlayS,"2020-08-10 17:25:38.701910"
12,51.45,PlayS,"2020-08-11 03:27:41.984954"
4,55.50,PlayS,"2020-08-11 19:29:26.012900"
100,55.40,PlayS,"2020-08-12 21:27:34.144390"
1,55.50,PlayS,"2020-08-16 09:53:22.381939"
1,55.50,PlayS,"2020-08-18 19:37:19.386431"
5,55.50,PlayS,"2020-08-21 09:28:20.831075"
1,55.50,PlayS,"2020-08-22 10:39:42.889914"
4,55.50,PlayS,"2020-08-22 16:15:07.418875"
2,55.50,PlayS,"2020-08-25 10:59:34.212806"
1,55.50,PlayS,"2020-08-25 11:27:03.076948"
1,55.50,PlayS,"2020-08-25 12:27:59.363345"
100,55.40,PlayS,"2020-08-25 16:59:42.151905"
1,56.00,PlayS,"2020-08-27 07:15:25.526952"
1,56.00,PlayS,"2020-08-27 07:35:34.387265"
3,56.00,PlayS,"2020-08-27 18:09:33.629932"
1,56.00,PlayS,"2020-08-28 15:39:29.037427"
1,56.00,PlayS,"2020-08-28 17:35:33.708780"
2,56.00,PlayS,"2020-08-29 10:03:26.120412"
1,56.00,PlayS,"2020-08-29 13:37:10.074617"
1,56.00,PlayS,"2020-08-29 13:40:40.030971"
1,56.00,PlayS,"2020-08-30 10:20:45.909456"
4,56.00,PlayS,"2020-08-31 14:27:04.309648"
85,56.00,PlayS,"2020-08-31 20:16:18.783080"
10,58.25,PlayS,"2020-10-09 03:30:04.841670"
4,58.35,PlayS,"2020-10-09 12:59:08.810787"
20,58.25,PlayS,"2020-10-09 19:51:51.953420"
3,58.35,PlayS,"2020-10-09 22:45:57.034328"
16,58.25,PlayS,"2020-10-10 04:22:02.027979"
1,58.35,PlayS,"2020-10-10 13:03:22.133212"
3,58.35,PlayS,"2020-10-11 10:33:56.650170"
3,58.35,PlayS,"2020-10-12 09:28:00.160397"
10,58.25,PlayS,"2020-10-12 10:10:03.646875"
2,58.35,PlayS,"2020-10-12 21:52:31.334502"
2,58.35,PlayS,"2020-10-13 08:38:19.146468"
2,58.35,PlayS,"2020-10-14 21:48:51.329107"
20,58.25,PlayS,"2020-10-15 03:40:51.187328"
10,58.25,PlayS,"2020-10-15 08:44:15.967055"
10,58.25,PlayS,"2020-10-19 16:15:31.392700"
20,58.25,PlayS,"2020-10-21 02:20:46.993632"
2,58.35,PlayS,"2020-10-21 22:19:04.061487"
4,58.35,PlayS,"2020-10-24 03:06:52.404917"
1,58.35,PlayS,"2020-10-25 12:34:50.090319"
100,58.00,PlayS,"2020-10-26 20:20:32.692665"
3,58.35,PlayS,"2020-10-27 16:03:23.611093"
20,58.25,PlayS,"2020-10-28 02:26:05.362746"
1,58.35,PlayS,"2020-10-28 12:37:57.163179"
4,58.35,PlayS,"2020-10-28 18:17:49.826404"
3,58.35,PlayS,"2020-10-28 23:51:14.359678"
1,58.35,PlayS,"2020-10-29 05:33:00.966323"
2,58.35,PlayS,"2020-10-30 09:14:57.915131"
3,58.35,PlayS,"2020-10-30 14:59:47.131956"
2,58.35,PlayS,"2020-10-31 09:10:39.600560"
1,58.35,PlayS,"2020-10-31 10:20:59.844961"
20,58.25,PlayS,"2020-11-01 08:56:41.904906"
3,58.35,PlayS,"2020-11-01 16:32:56.331688"
2,58.35,PlayS,"2020-11-02 09:32:55.793232"
2,58.35,PlayS,"2020-11-02 14:24:33.831110"
50,58.00,PlayS,"2020-11-03 02:23:52.781980"
10,58.25,PlayS,"2020-11-03 09:08:59.108264"
7,30.75,PlayS,"2019-07-04 15:59:38.411922"
3,30.75,PlayS,"2019-07-08 19:39:33.041926"
1,27.00,PlayS,"2019-11-01 13:58:22.333024"
30,26.95,PlayS,"2019-11-04 19:25:47.931394"
15,26.95,PlayS,"2019-11-08 15:00:55.689993"
1,27.00,PlayS,"2019-11-21 09:26:45.055541"
20,26.95,PlayS,"2019-11-26 22:20:38.706614"
30,26.95,PlayS,"2019-11-27 15:35:37.242426"
30,26.95,PlayS,"2019-12-03 20:06:21.368458"
20,26.95,PlayS,"2019-12-11 19:04:28.497482"
10,26.95,PlayS,"2019-12-20 19:40:03.374551"
10,26.95,PlayS,"2019-12-23 18:28:20.142836"
1,27.00,PlayS,"2019-12-24 09:51:17.106064"
1,27.00,PlayS,"2019-12-26 09:13:00.541973"
1,27.00,PlayS,"2019-12-31 12:26:16.254797"
1,27.00,PlayS,"2020-01-01 09:25:52.693063"
1,27.45,PlayS,"2020-01-07 08:11:50.646552"
3,27.45,PlayS,"2020-01-07 20:21:17.500657"
1,27.45,PlayS,"2020-01-08 10:28:26.939795"
1,27.45,PlayS,"2020-01-08 12:46:09.883247"
2,27.45,PlayS,"2020-01-15 18:57:54.598991"
10,27.39,PlayS,"2020-01-19 02:56:51.314275"
20,27.39,PlayS,"2020-01-21 19:38:54.078763"
20,27.39,PlayS,"2020-01-23 20:03:36.291402"
10,27.39,PlayS,"2020-01-29 21:14:34.676800"
20,27.39,PlayS,"2020-02-05 18:45:45.846655"
50,27.35,PlayS,"2020-02-08 19:52:19.168962"
1,27.45,PlayS,"2020-02-13 21:28:26.556087"
2,27.45,PlayS,"2020-02-16 20:46:32.922914"
6,27.39,PlayS,"2020-02-19 21:41:00.366983"
1,27.45,PlayS,"2020-02-23 12:25:11.201333"
20,27.39,PlayS,"2020-03-03 18:37:45.844057"
2,27.45,PlayS,"2020-03-08 09:51:40.663880"
30,27.39,PlayS,"2020-03-10 18:23:02.091143"
6,27.39,PlayS,"2020-03-10 20:26:01.339702"
1,27.45,PlayS,"2020-03-15 17:04:17.710689"
4,27.45,PlayS,"2020-03-21 16:19:01.131750"
10,27.39,PlayS,"2020-03-22 09:54:06.758498"
1,27.45,PlayS,"2020-03-25 12:43:23.042186"
50,27.35,PlayS,"2020-03-29 20:04:02.216630"
1,27.45,PlayS,"2020-03-31 16:06:59.760572"
10,27.39,PlayS,"2020-04-02 15:07:31.090961"
1,27.45,PlayS,"2020-04-03 08:39:22.967672"
23,27.39,PlayS,"2020-04-03 19:16:19.567043"
5,27.45,PlayS,"2020-04-05 15:22:27.349699"
100,27.35,PlayS,"2020-04-05 22:07:06.494720"
1,27.45,PlayS,"2020-04-07 22:58:22.238891"
1,27.45,PlayS,"2020-04-08 17:54:17.533018"
1,27.45,PlayS,"2020-04-11 16:40:22.980619"
10,27.39,PlayS,"2020-04-12 15:18:41.454432"
100,27.35,PlayS,"2020-04-20 19:45:42.134737"
6,27.39,PlayS,"2020-04-27 04:44:58.010753"
6,27.39,PlayS,"2020-05-02 18:12:53.331674"
100,27.35,PlayS,"2020-05-02 19:18:30.449019"
5,27.45,PlayS,"2020-05-04 15:29:40.486475"
5,27.45,PlayS,"2020-05-05 22:31:41.505526"
6,27.39,PlayS,"2020-05-07 16:17:14.412012"
20,27.39,PlayS,"2020-05-10 22:58:10.637993"
6,27.39,PlayS,"2020-05-15 17:04:43.981621"
100,27.35,PlayS,"2020-05-21 22:44:17.155152"
10,27.39,PlayS,"2020-05-23 16:56:24.021857"
6,27.39,PlayS,"2020-05-24 19:00:43.357949"
6,27.39,PlayS,"2020-05-29 23:33:51.813301"
6,27.39,PlayS,"2020-05-30 11:22:59.362810"
75,27.35,PlayS,"2020-06-05 20:39:18.800338"
6,27.39,PlayS,"2020-06-09 19:07:28.283743"
1,27.45,PlayS,"2020-06-11 15:10:20.115193"
1,27.45,PlayS,"2020-06-12 15:34:20.862823"
50,27.35,PlayS,"2020-06-15 20:02:07.146512"
5,27.45,PlayS,"2020-06-20 19:14:10.139496"
100,26.15,PlayS,"2020-06-24 19:33:17.731103"
6,26.20,PlayS,"2020-06-27 11:28:45.101711"
50,26.15,PlayS,"2020-07-06 22:28:57.373067"
6,26.20,PlayS,"2020-07-07 07:43:28.495776"
6,26.20,PlayS,"2020-07-16 20:58:27.762453"
1,26.25,PlayS,"2020-07-17 07:09:16.556649"
5,26.25,PlayS,"2020-07-19 22:49:37.585545"
50,26.15,PlayS,"2020-07-23 23:11:34.598201"
1,26.25,PlayS,"2020-07-25 15:00:47.519187"
1,26.25,PlayS,"2020-07-27 13:10:45.017260"
1,26.25,PlayS,"2020-08-02 12:41:09.956322"
1,26.25,PlayS,"2020-08-02 17:11:17.385255"
1,26.25,PlayS,"2020-08-03 20:06:05.650254"
1,26.25,PlayS,"2020-08-04 12:01:00.662891"
100,26.15,PlayS,"2020-08-07 22:09:57.281144"
20,26.20,PlayS,"2020-08-09 12:00:03.810970"
1,28.95,PlayS,"2020-08-14 12:41:40.356306"
1,28.95,PlayS,"2020-08-19 11:10:45.099499"
10,28.90,PlayS,"2020-08-20 16:10:55.423212"
100,28.90,PlayS,"2020-08-25 16:59:02.958930"
6,28.90,PlayS,"2020-08-27 19:39:07.154657"
1,28.95,PlayS,"2020-08-28 15:21:50.424241"
1,28.95,PlayS,"2020-08-29 10:03:34.722849"
3,28.95,PlayS,"2020-08-30 12:40:15.463720"
1,28.95,PlayS,"2020-08-30 12:58:36.792416"
55,28.90,PlayS,"2020-08-31 20:16:40.970699"
1,31.99,PlayS,"2020-09-04 11:34:47.562959"
20,31.95,PlayS,"2020-09-04 20:39:23.784372"
2,31.99,PlayS,"2020-09-05 08:36:50.397456"
10,31.95,PlayS,"2020-09-13 18:12:14.704373"
1,31.99,PlayS,"2020-09-14 13:29:11.385670"
1,31.99,PlayS,"2020-09-14 14:03:57.068939"
50,31.90,PlayS,"2020-09-19 01:56:45.548009"
8,31.95,PlayS,"2020-09-19 11:22:46.304197"
5,31.99,PlayS,"2020-09-22 16:04:42.202456"
5,31.99,PlayS,"2020-09-25 15:13:36.454498"
100,31.90,PlayS,"2020-09-25 16:21:54.858957"
5,31.99,PlayS,"2020-09-29 18:50:59.905698"
5,31.99,PlayS,"2020-10-01 08:21:21.365717"
20,31.95,PlayS,"2020-10-05 22:05:29.753372"
1,31.99,PlayS,"2020-10-08 07:45:33.653268"
5,31.99,PlayS,"2020-10-09 22:45:18.744645"
6,31.95,PlayS,"2020-10-10 05:39:06.637242"
10,31.95,PlayS,"2020-10-11 23:41:31.330507"
20,31.95,PlayS,"2020-10-15 17:59:28.345626"
10,31.95,PlayS,"2020-10-19 16:14:20.469372"
100,31.90,PlayS,"2020-10-26 20:21:45.359234"
1,31.99,PlayS,"2020-10-28 13:32:00.265050"
10,24.35,Googl,"2019-07-02 00:35:40.354160"
20,24.35,Googl,"2019-07-03 15:19:54.955582"
9,24.40,Googl,"2019-07-03 20:13:42.361416"
15,24.35,Googl,"2019-07-03 21:58:44.547460"
25,24.35,Googl,"2019-07-04 00:42:03.069263"
10,24.35,Googl,"2019-07-04 20:31:17.086934"
3,24.40,Googl,"2019-07-04 21:07:55.196748"
10,24.35,Googl,"2019-07-06 02:21:28.534978"
10,24.35,Googl,"2019-07-08 12:31:08.051526"
20,24.35,Googl,"2019-07-08 16:18:30.946703"
3,24.40,Googl,"2019-07-08 16:26:43.440572"
15,24.35,Googl,"2019-07-09 03:39:10.654374"
50,24.30,Googl,"2019-07-09 19:26:40.159214"
10,24.35,Googl,"2019-07-10 11:23:19.133034"
16,24.35,Googl,"2019-07-12 14:06:53.555512"
4,24.40,Googl,"2019-07-13 21:14:00.583771"
16,24.35,Googl,"2019-07-14 21:06:07.480820"
20,24.35,Googl,"2019-07-16 21:14:27.362131"
10,24.35,Googl,"2019-07-16 22:36:43.105862"
3,24.40,Googl,"2019-07-17 16:06:44.606965"
4,24.40,Googl,"2019-07-17 19:41:23.090600"
3,24.40,Googl,"2019-07-17 19:59:42.564889"
20,24.35,Googl,"2019-07-17 22:50:31.093343"
25,24.35,Googl,"2019-07-18 22:16:56.954411"
11,24.35,Googl,"2019-07-19 21:57:38.753039"
20,24.35,Googl,"2019-07-19 22:09:02.412663"
12,24.35,Googl,"2019-07-19 23:03:28.137159"
25,24.35,Googl,"2019-07-20 10:50:33.638397"
10,24.35,Googl,"2019-07-22 03:19:44.461015"
10,24.35,Googl,"2019-07-23 10:51:16.907759"
5,24.40,Googl,"2019-07-23 16:06:06.202139"
30,24.35,Googl,"2019-07-23 19:13:06.569484"
10,24.35,Googl,"2019-07-24 14:56:24.387295"
30,24.35,Googl,"2019-07-25 15:41:34.078188"
3,24.40,Googl,"2019-07-26 13:10:11.387143"
3,24.40,Googl,"2019-07-27 17:52:06.207678"
10,24.35,Googl,"2019-07-29 02:20:59.190121"
20,24.35,Googl,"2019-07-29 11:19:53.394568"
25,24.35,Googl,"2019-07-30 19:00:58.682382"
3,24.40,Googl,"2019-07-30 20:03:19.397526"
20,24.35,Googl,"2019-07-30 20:28:33.026763"
25,24.35,Googl,"2019-07-31 13:26:29.145855"
10,24.35,Googl,"2019-07-31 17:06:42.803929"
30,24.35,Googl,"2019-08-01 01:35:07.336408"
6,24.40,Googl,"2019-08-01 15:16:49.885764"
30,24.35,Googl,"2019-08-02 21:37:54.910552"
3,24.40,Googl,"2019-08-06 15:06:52.137488"
3,24.40,Googl,"2019-08-06 16:49:34.647704"
10,24.35,Googl,"2019-08-06 17:38:35.982951"
3,24.40,Googl,"2019-08-07 11:01:04.752024"
3,24.40,Googl,"2019-08-08 06:55:30.695967"
10,24.35,Googl,"2019-08-08 15:13:50.552416"
15,24.35,Googl,"2019-08-08 18:26:57.154102"
6,24.40,Googl,"2019-08-09 18:52:16.787103"
10,24.35,Googl,"2019-08-11 07:09:50.642213"
20,24.35,Googl,"2019-08-12 20:32:03.021854"
4,24.40,Googl,"2019-08-13 15:04:54.219276"
3,24.40,Googl,"2019-08-14 15:30:33.910827"
3,24.40,Googl,"2019-08-15 18:01:57.931545"
3,24.40,Googl,"2019-08-15 19:13:29.133462"
3,24.40,Googl,"2019-08-16 03:14:48.741658"
3,24.40,Googl,"2019-08-16 13:33:44.681178"
30,24.35,Googl,"2019-08-16 15:03:19.173526"
10,24.35,Googl,"2019-08-16 19:52:49.347858"
25,24.35,Googl,"2019-08-16 20:54:07.016780"
3,24.40,Googl,"2019-08-17 01:36:42.268098"
4,24.40,Googl,"2019-08-19 16:48:01.394423"
30,24.35,Googl,"2019-08-19 21:55:45.293040"
3,24.40,Googl,"2019-08-20 11:08:29.054853"
3,24.40,Googl,"2019-08-20 20:39:11.330243"
10,24.35,Googl,"2019-08-21 09:55:06.064282"
7,24.40,Googl,"2019-08-22 16:12:15.471212"
20,24.35,Googl,"2019-08-23 06:49:39.720366"
50,24.30,Googl,"2019-08-23 17:18:39.233946"
6,24.40,Googl,"2019-08-24 10:24:31.496573"
3,24.40,Googl,"2019-08-24 10:58:24.969271"
10,24.35,Googl,"2019-08-24 13:47:44.046897"
4,24.40,Googl,"2019-08-26 05:09:39.454315"
3,24.40,Googl,"2019-08-26 23:34:16.477362"
20,24.35,Googl,"2019-08-27 10:45:58.582912"
3,24.40,Googl,"2019-08-27 20:54:50.572638"
15,24.35,Googl,"2019-08-28 20:25:44.347090"
10,24.35,Googl,"2019-08-30 15:46:21.810695"
3,24.40,Googl,"2019-08-31 12:11:34.326335"
3,24.40,Googl,"2019-08-31 15:08:32.893073"
3,24.40,Googl,"2019-08-31 23:13:47.971695"
30,24.35,Googl,"2019-09-03 02:52:27.969070"
5,24.40,Googl,"2019-09-03 19:59:06.467273"
5,24.40,Googl,"2019-09-04 14:35:53.390609"
3,24.40,Googl,"2019-09-04 15:48:30.736185"
30,24.35,Googl,"2019-09-04 16:56:58.770469"
10,24.35,Googl,"2019-09-05 15:43:08.805712"
3,24.40,Googl,"2019-09-05 17:22:02.614682"
10,24.35,Googl,"2019-09-05 18:16:42.241097"
20,24.35,Googl,"2019-09-06 20:10:00.371747"
10,24.35,Googl,"2019-09-07 12:24:31.470390"
30,24.35,Googl,"2019-09-07 16:25:58.798831"
4,24.40,Googl,"2019-09-07 22:38:25.492187"
3,24.40,Googl,"2019-09-08 08:21:11.929991"
3,24.40,Googl,"2019-09-09 18:54:44.101451"
30,24.35,Googl,"2019-09-10 20:34:18.304470"
3,24.40,Googl,"2019-09-11 21:17:50.735738"
10,24.35,Googl,"2019-09-11 21:34:20.731604"
3,24.40,Googl,"2019-09-11 23:29:33.009275"
3,24.40,Googl,"2019-09-12 15:34:54.333136"
4,24.40,Googl,"2019-09-12 17:40:08.339441"
3,24.40,Googl,"2019-09-14 08:02:28.858044"
3,24.40,Googl,"2019-09-14 10:32:31.753701"
5,24.40,Googl,"2019-09-14 16:07:40.567941"
11,24.35,Googl,"2019-09-14 17:05:29.279675"
30,24.35,Googl,"2019-09-14 18:21:37.165981"
16,24.35,Googl,"2019-09-14 20:16:25.641846"
3,24.40,Googl,"2019-09-15 14:57:55.757348"
50,24.30,Googl,"2019-09-15 18:09:45.995068"
5,24.40,Googl,"2019-09-15 19:10:58.391887"
10,24.35,Googl,"2019-09-16 18:42:29.000433"
3,24.40,Googl,"2019-09-16 23:29:29.601822"
30,24.35,Googl,"2019-09-17 02:52:32.361019"
3,24.40,Googl,"2019-09-17 18:56:55.476222"
16,24.35,Googl,"2019-09-17 21:19:48.072431"
4,24.40,Googl,"2019-09-18 21:45:42.158218"
4,24.40,Googl,"2019-09-18 22:09:55.461633"
10,24.35,Googl,"2019-09-19 02:33:15.402770"
3,24.40,Googl,"2019-09-19 15:00:51.681743"
10,24.35,Googl,"2019-09-19 19:07:16.038280"
3,24.40,Googl,"2019-09-20 13:32:09.588538"
20,24.35,Googl,"2019-09-20 17:23:57.905280"
5,24.40,Googl,"2019-09-22 22:25:30.841302"
5,24.40,Googl,"2019-09-22 23:44:51.499891"
20,24.35,Googl,"2019-09-23 13:30:34.456812"
30,24.35,Googl,"2019-09-23 18:47:54.102660"
3,24.40,Googl,"2019-09-26 07:01:40.169934"
20,24.35,Googl,"2019-09-26 15:33:56.548474"
4,24.40,Googl,"2019-09-26 15:48:43.676914"
4,24.40,Googl,"2019-09-26 20:21:02.795132"
6,24.40,Googl,"2019-09-26 20:36:30.272172"
25,24.35,Googl,"2019-09-27 17:15:04.607445"
3,24.40,Googl,"2019-09-28 16:58:48.656430"
3,24.40,Googl,"2019-09-29 14:27:16.720028"
3,24.40,Googl,"2019-09-29 19:10:56.203999"
3,24.40,Googl,"2019-09-30 13:22:55.607206"
4,24.40,Googl,"2019-10-01 00:58:51.564736"
10,24.35,Googl,"2019-10-01 05:28:15.927923"
3,24.40,Googl,"2019-10-01 13:07:05.831183"
30,24.35,Googl,"2019-10-01 16:37:29.072428"
4,24.40,Googl,"2019-10-01 17:42:56.478538"
10,24.35,Googl,"2019-10-02 14:20:13.936578"
10,24.35,Googl,"2019-10-02 19:13:10.864502"
3,24.40,Googl,"2019-10-03 16:48:10.792770"
4,24.40,Googl,"2019-10-04 17:15:57.034858"
11,24.35,Googl,"2019-10-04 17:21:45.311712"
20,24.35,Googl,"2019-10-05 00:05:30.124741"
3,24.40,Googl,"2019-10-05 15:23:26.440259"
4,24.40,Googl,"2019-10-06 09:54:55.216497"
10,24.35,Googl,"2019-10-06 14:29:18.027125"
3,24.40,Googl,"2019-10-06 16:49:26.240632"
1,24.40,Googl,"2019-10-07 16:23:43.372433"
1,24.40,Googl,"2019-10-07 20:28:14.557875"
20,24.35,Googl,"2019-10-08 20:55:56.375845"
5,24.40,Googl,"2019-10-09 00:11:56.097667"
3,24.40,Googl,"2019-10-09 00:50:55.665657"
30,24.35,Googl,"2019-10-09 18:02:02.611403"
1,24.40,Googl,"2019-10-09 21:57:13.349368"
2,24.40,Googl,"2019-10-10 14:45:57.483888"
4,24.40,Googl,"2019-10-10 14:49:19.285054"
10,24.35,Googl,"2019-10-10 17:37:33.186585"
20,24.35,Googl,"2019-10-11 14:14:59.247247"
2,24.40,Googl,"2019-10-11 15:50:59.926459"
10,24.35,Googl,"2019-10-11 16:32:00.304393"
20,24.35,Googl,"2019-10-11 20:48:09.775939"
1,24.40,Googl,"2019-10-12 04:16:21.622468"
2,24.40,Googl,"2019-10-12 15:01:02.477181"
7,24.40,Googl,"2019-10-13 15:46:26.529991"
6,24.40,Googl,"2019-10-13 15:51:51.546357"
15,24.35,Googl,"2019-10-15 07:20:29.223044"
4,24.40,Googl,"2019-10-15 13:59:21.127489"
20,24.35,Googl,"2019-10-15 15:39:44.019312"
10,24.35,Googl,"2019-10-15 17:22:13.527112"
1,24.40,Googl,"2019-10-16 15:59:44.194475"
1,24.40,Googl,"2019-10-17 15:37:52.096877"
10,24.35,Googl,"2019-10-18 01:07:02.528180"
1,24.40,Googl,"2019-10-18 17:46:12.468443"
25,24.35,Googl,"2019-10-18 21:23:32.295982"
30,24.35,Googl,"2019-10-19 03:12:58.011125"
4,24.40,Googl,"2019-10-19 14:11:03.844320"
10,24.35,Googl,"2019-10-19 20:27:36.284121"
40,24.35,Googl,"2019-10-20 02:43:21.966307"
3,24.40,Googl,"2019-10-21 18:32:08.799869"
50,24.30,Googl,"2019-10-21 21:50:13.862604"
5,24.40,Googl,"2019-10-22 00:40:16.012736"
1,24.40,Googl,"2019-10-22 18:37:19.931676"
4,24.40,Googl,"2019-10-23 03:52:32.104883"
5,24.40,Googl,"2019-10-23 08:58:30.377977"
3,24.40,Googl,"2019-10-23 20:46:49.547669"
3,24.40,Googl,"2019-10-24 18:01:40.495776"
30,24.35,Googl,"2019-10-24 21:28:50.697666"
50,24.30,Googl,"2019-10-25 00:39:11.143034"
2,24.40,Googl,"2019-10-25 09:00:33.623836"
4,24.40,Googl,"2019-10-26 18:16:29.306483"
30,24.35,Googl,"2019-10-26 21:38:06.968876"
1,24.40,Googl,"2019-10-27 06:24:04.204116"
25,24.35,Googl,"2019-10-27 11:28:32.519462"
4,24.40,Googl,"2019-10-27 16:59:28.198574"
2,24.40,Googl,"2019-10-28 15:11:58.668159"
6,24.40,Googl,"2019-10-28 19:51:28.421239"
100,24.30,Googl,"2019-10-28 22:06:51.727591"
40,24.35,Googl,"2019-10-28 23:05:35.979668"
2,24.40,Googl,"2019-10-29 16:37:44.712129"
50,24.30,Googl,"2019-10-29 16:46:05.855278"
4,24.40,Googl,"2019-10-29 21:13:57.181549"
4,24.40,Googl,"2019-10-31 08:44:40.202237"
10,24.35,Googl,"2019-10-31 19:39:12.097796"
30,24.35,Googl,"2019-10-31 22:48:45.205252"
20,24.35,Googl,"2019-10-31 23:11:51.327693"
1,24.40,Googl,"2019-11-01 19:29:24.714626"
3,24.40,Googl,"2019-11-01 21:34:34.407303"
20,24.35,Googl,"2019-11-01 22:06:36.536553"
1,24.40,Googl,"2019-11-02 14:37:16.309884"
20,24.35,Googl,"2019-11-02 18:32:36.065455"
2,24.40,Googl,"2019-11-03 16:25:23.880993"
4,24.40,Googl,"2019-11-04 09:32:43.485313"
3,24.40,Googl,"2019-11-04 18:26:15.607768"
10,24.35,Googl,"2019-11-04 18:57:51.106455"
30,24.35,Googl,"2019-11-04 19:26:41.257541"
4,24.40,Googl,"2019-11-04 23:46:49.579861"
50,24.30,Googl,"2019-11-05 17:01:20.107466"
30,24.35,Googl,"2019-11-05 23:52:57.737779"
1,24.40,Googl,"2019-11-06 13:31:03.197783"
1,24.40,Googl,"2019-11-06 15:09:01.629735"
10,24.35,Googl,"2019-11-06 21:29:09.345307"
2,24.40,Googl,"2019-11-06 22:27:15.835720"
4,24.40,Googl,"2019-11-07 22:02:02.489802"
3,24.40,Googl,"2019-11-08 18:21:06.655064"
10,24.35,Googl,"2019-11-08 22:09:33.199312"
20,24.35,Googl,"2019-11-08 22:20:33.754823"
30,24.35,Googl,"2019-11-08 23:23:49.703596"
2,24.40,Googl,"2019-11-08 23:46:58.541045"
10,24.35,Googl,"2019-11-09 07:56:34.215472"
1,24.40,Googl,"2019-11-09 19:49:11.192533"
20,24.35,Googl,"2019-11-09 21:55:58.669326"
1,24.40,Googl,"2019-11-11 22:19:27.835713"
4,24.40,Googl,"2019-11-12 06:46:01.101370"
30,24.35,Googl,"2019-11-12 15:28:11.811700"
1,24.40,Googl,"2019-11-12 15:30:33.329828"
10,24.35,Googl,"2019-11-13 16:23:14.376924"
1,24.40,Googl,"2019-11-13 20:29:54.555373"
1,24.40,Googl,"2019-11-14 19:53:30.772341"
10,24.35,Googl,"2019-11-14 21:49:33.118933"
2,24.40,Googl,"2019-11-15 20:33:15.393592"
30,24.35,Googl,"2019-11-16 00:37:22.389881"
2,24.40,Googl,"2019-11-16 02:06:53.204462"
1,24.40,Googl,"2019-11-16 09:52:44.019154"
3,24.40,Googl,"2019-11-16 23:03:16.387561"
13,24.35,Googl,"2019-11-17 11:24:49.530106"
1,24.40,Googl,"2019-11-17 14:26:24.228428"
2,24.40,Googl,"2019-11-17 16:58:09.315160"
4,24.40,Googl,"2019-11-17 20:04:30.785019"
1,24.40,Googl,"2019-11-18 17:50:40.335372"
5,24.40,Googl,"2019-11-20 02:50:55.868927"
1,24.40,Googl,"2019-11-20 18:21:42.313911"
30,24.35,Googl,"2019-11-21 18:37:15.853192"
1,24.40,Googl,"2019-11-22 12:57:14.864948"
1,24.40,Googl,"2019-11-22 20:24:57.042010"
2,24.40,Googl,"2019-11-23 13:04:57.379075"
4,24.40,Googl,"2019-11-23 22:42:06.905712"
10,24.35,Googl,"2019-11-24 15:59:38.174914"
30,24.35,Googl,"2019-11-25 17:03:00.349819"
30,24.35,Googl,"2019-11-25 23:43:30.554999"
10,24.35,Googl,"2019-11-26 10:57:40.521657"
2,24.40,Googl,"2019-11-26 21:04:46.361139"
1,24.40,Googl,"2019-11-27 18:10:37.725697"
1,24.40,Googl,"2019-11-28 10:55:22.611736"
1,24.40,Googl,"2019-11-28 14:11:48.512332"
2,24.40,Googl,"2019-11-28 15:13:31.715707"
4,24.40,Googl,"2019-11-28 17:06:09.802296"
1,24.40,Googl,"2019-11-28 17:48:25.272767"
10,24.35,Googl,"2019-11-28 20:20:07.504853"
23,24.35,Googl,"2019-11-28 21:37:30.767011"
5,24.40,Googl,"2019-11-28 22:06:55.948143"
10,24.35,Googl,"2019-11-29 16:21:17.742254"
40,24.35,Googl,"2019-11-29 17:13:41.879521"
3,24.40,Googl,"2019-11-29 19:20:28.808840"
1,24.40,Googl,"2019-11-29 21:10:17.988893"
1,24.40,Googl,"2019-11-29 21:18:35.667097"
10,24.35,Googl,"2019-11-29 22:33:44.023315"
1,24.40,Googl,"2019-11-29 22:34:18.810951"
1,24.40,Googl,"2019-11-30 15:23:27.086407"
1,24.40,Googl,"2019-11-30 15:23:51.628738"
1,24.40,Googl,"2019-11-30 17:44:05.854528"
3,24.40,Googl,"2019-11-30 20:36:15.543871"
4,24.40,Googl,"2019-12-01 11:04:06.790731"
1,24.40,Googl,"2019-12-01 13:05:48.196299"
1,24.40,Googl,"2019-12-01 17:14:42.714873"
2,24.40,Googl,"2019-12-02 09:34:24.046920"
10,24.35,Googl,"2019-12-02 19:30:26.662393"
20,24.35,Googl,"2019-12-03 20:37:22.705363"
2,24.40,Googl,"2019-12-04 14:25:24.830082"
10,24.35,Googl,"2019-12-04 18:42:06.446351"
10,24.35,Googl,"2019-12-05 18:59:03.026986"
1,24.40,Googl,"2019-12-06 14:43:27.517984"
1,24.40,Googl,"2019-12-06 14:45:46.737406"
40,24.35,Googl,"2019-12-06 18:42:10.067223"
10,24.35,Googl,"2019-12-07 01:13:43.047567"
2,24.40,Googl,"2019-12-07 16:25:19.835440"
2,24.40,Googl,"2019-12-07 17:07:41.499042"
5,24.40,Googl,"2019-12-07 20:59:17.668902"
1,24.40,Googl,"2019-12-08 10:09:51.950351"
20,24.35,Googl,"2019-12-08 21:49:36.376199"
1,24.40,Googl,"2019-12-09 10:36:16.541545"
4,24.40,Googl,"2019-12-09 12:20:36.076230"
40,24.35,Googl,"2019-12-09 15:19:28.556556"
1,24.40,Googl,"2019-12-10 11:18:36.300243"
1,24.40,Googl,"2019-12-10 17:44:32.043529"
5,24.40,Googl,"2019-12-10 19:22:22.839637"
2,24.40,Googl,"2019-12-11 02:18:52.715178"
4,24.40,Googl,"2019-12-11 11:12:37.428106"
30,24.35,Googl,"2019-12-11 23:43:41.522689"
2,24.40,Googl,"2019-12-12 21:28:11.337423"
5,24.40,Googl,"2019-12-14 01:43:53.808295"
10,24.35,Googl,"2019-12-14 14:14:08.979423"
6,24.40,Googl,"2019-12-15 16:38:35.027294"
40,24.35,Googl,"2019-12-15 21:17:50.758057"
2,24.40,Googl,"2019-12-16 14:42:10.090067"
2,24.40,Googl,"2019-12-16 17:20:42.576526"
20,24.35,Googl,"2019-12-17 15:50:19.419842"
10,24.35,Googl,"2019-12-17 19:22:31.036439"
1,24.40,Googl,"2019-12-18 03:26:31.163823"
4,24.40,Googl,"2019-12-18 09:17:44.385374"
10,24.35,Googl,"2019-12-18 17:34:21.528740"
10,24.35,Googl,"2019-12-18 17:53:20.241803"
30,24.35,Googl,"2019-12-18 22:07:13.688418"
20,24.35,Googl,"2019-12-19 18:47:55.252664"
1,24.40,Googl,"2019-12-21 04:15:08.407974"
10,24.35,Googl,"2019-12-22 00:09:52.429922"
10,24.35,Googl,"2019-12-22 17:08:01.460982"
4,24.40,Googl,"2019-12-22 19:42:54.569725"
2,24.40,Googl,"2019-12-22 22:21:54.579626"
2,24.40,Googl,"2019-12-23 06:05:46.889722"
1,24.40,Googl,"2019-12-23 12:20:28.809031"
40,24.35,Googl,"2019-12-23 16:16:19.902403"
10,24.35,Googl,"2019-12-24 19:32:54.236083"
5,24.40,Googl,"2019-12-25 14:23:10.281654"
40,24.35,Googl,"2019-12-25 21:17:40.773934"
8,24.40,Googl,"2019-12-26 09:08:17.408803"
20,24.35,Googl,"2019-12-26 20:40:26.611382"
10,24.35,Googl,"2019-12-26 22:25:16.434695"
10,24.35,Googl,"2019-12-27 19:28:51.281689"
1,24.40,Googl,"2019-12-27 21:49:36.781350"
1,24.40,Googl,"2019-12-27 23:26:21.922991"
5,24.40,Googl,"2019-12-29 21:46:30.014114"
4,24.40,Googl,"2019-12-30 16:24:47.063618"
1,24.40,Googl,"2019-12-31 06:23:15.279223"
10,24.35,Googl,"2020-01-01 10:44:38.113634"
25,24.35,Googl,"2020-01-01 21:18:29.981404"
1,24.40,Googl,"2020-01-02 12:53:08.409921"
6,24.40,Googl,"2020-01-03 05:55:00.903272"
1,24.40,Googl,"2020-01-03 17:58:35.625812"
10,24.35,Googl,"2020-01-04 21:19:38.437266"
4,24.40,Googl,"2020-01-05 11:16:44.215997"
10,24.35,Googl,"2020-01-06 19:00:09.677877"
10,24.35,Googl,"2020-01-07 11:54:57.423771"
1,24.40,Googl,"2020-01-07 23:34:15.746879"
5,24.40,Googl,"2020-01-08 01:59:05.160300"
20,24.35,Googl,"2020-01-08 14:16:54.202246"
1,24.40,Googl,"2020-01-09 22:32:02.929002"
50,24.30,Googl,"2020-01-09 23:29:32.592349"
30,24.35,Googl,"2020-01-10 02:50:43.833183"
1,24.40,Googl,"2020-01-10 13:39:55.241511"
2,24.40,Googl,"2020-01-11 18:41:08.153388"
30,24.35,Googl,"2020-01-12 21:24:51.964650"
1,24.40,Googl,"2020-01-13 17:35:17.210607"
3,24.40,Googl,"2020-01-13 20:55:47.460438"
1,24.40,Googl,"2020-01-14 15:51:49.183684"
30,24.35,Googl,"2020-01-14 16:05:41.038996"
6,24.40,Googl,"2020-01-14 18:04:21.925275"
4,24.40,Googl,"2020-01-14 18:20:24.803068"
5,24.40,Googl,"2020-01-14 23:15:49.539574"
10,24.35,Googl,"2020-01-15 02:33:18.568782"
15,24.35,Googl,"2020-01-15 21:05:50.831221"
2,24.40,Googl,"2020-01-16 18:09:07.086990"
10,24.35,Googl,"2020-01-16 19:52:03.103467"
1,24.40,Googl,"2020-01-16 21:19:41.848766"
1,24.40,Googl,"2020-01-17 13:39:31.121929"
1,24.40,Googl,"2020-01-17 18:46:08.604352"
50,24.30,Googl,"2020-01-17 21:52:28.209533"
30,24.35,Googl,"2020-01-18 01:55:20.277648"
10,24.35,Googl,"2020-01-18 04:33:41.687740"
1,24.40,Googl,"2020-01-18 14:25:53.976441"
1,24.40,Googl,"2020-01-18 14:27:51.548618"
1,24.40,Googl,"2020-01-18 19:57:15.254657"
4,24.40,Googl,"2020-01-19 10:24:19.218988"
1,24.40,Googl,"2020-01-19 13:17:06.922303"
10,24.35,Googl,"2020-01-19 19:25:13.824238"
28,24.35,Googl,"2020-01-20 20:07:09.724898"
30,24.35,Googl,"2020-01-20 22:09:29.005659"
10,24.35,Googl,"2020-01-21 15:59:58.713958"
10,24.35,Googl,"2020-01-22 16:59:32.667285"
20,24.35,Googl,"2020-01-22 17:01:58.987217"
1,24.40,Googl,"2020-01-22 21:05:37.104066"
20,24.35,Googl,"2020-01-22 22:20:36.535087"
4,24.40,Googl,"2020-01-23 22:52:15.407096"
2,24.40,Googl,"2020-01-24 15:08:43.667568"
50,24.30,Googl,"2020-01-24 22:13:44.417104"
5,24.40,Googl,"2020-01-26 03:38:39.569824"
2,24.40,Googl,"2020-01-27 20:49:46.157296"
2,24.40,Googl,"2020-01-27 20:51:12.347596"
2,24.40,Googl,"2020-01-27 23:57:11.303448"
20,24.35,Googl,"2020-01-28 01:34:29.839660"
20,24.35,Googl,"2020-01-28 17:25:50.153461"
8,24.40,Googl,"2020-01-30 10:54:17.696631"
30,24.35,Googl,"2020-01-30 19:06:22.299242"
1,24.40,Googl,"2020-01-31 18:49:31.644350"
1,24.40,Googl,"2020-01-31 20:34:56.968066"
20,24.35,Googl,"2020-01-31 23:40:37.847830"
1,24.40,Googl,"2020-02-01 01:32:41.420061"
10,24.35,Googl,"2020-02-01 01:33:37.875073"
5,24.40,Googl,"2020-02-01 01:41:10.459612"
1,24.40,Googl,"2020-02-02 15:04:05.880735"
50,24.30,Googl,"2020-02-02 21:58:34.366584"
2,24.40,Googl,"2020-02-03 10:11:38.196885"
25,24.35,Googl,"2020-02-03 19:02:18.354527"
11,24.35,Googl,"2020-02-04 15:48:29.520382"
4,24.40,Googl,"2020-02-05 00:23:46.921342"
1,24.40,Googl,"2020-02-05 14:09:11.650704"
3,24.40,Googl,"2020-02-05 18:14:45.105400"
1,24.40,Googl,"2020-02-05 20:34:27.547201"
20,24.35,Googl,"2020-02-05 21:02:12.716346"
1,24.40,Googl,"2020-02-06 13:08:49.517091"
15,24.35,Googl,"2020-02-06 18:51:58.509264"
1,24.40,Googl,"2020-02-06 19:11:23.270921"
1,24.40,Googl,"2020-02-07 17:13:12.611435"
2,24.40,Googl,"2020-02-07 18:09:03.542509"
10,24.35,Googl,"2020-02-08 00:09:11.319678"
5,24.40,Googl,"2020-02-09 10:23:25.253100"
1,24.40,Googl,"2020-02-10 16:03:00.110641"
50,24.30,Googl,"2020-02-10 20:50:18.672834"
1,24.40,Googl,"2020-02-11 01:07:36.645926"
55,24.30,Googl,"2020-02-11 12:52:48.367065"
1,24.40,Googl,"2020-02-11 13:12:24.000753"
10,24.35,Googl,"2020-02-12 00:58:38.215914"
10,24.35,Googl,"2020-02-12 16:13:52.755790"
1,24.40,Googl,"2020-02-13 12:49:00.042791"
1,24.40,Googl,"2020-02-13 23:27:38.790472"
30,24.35,Googl,"2020-02-14 23:11:00.073285"
5,24.40,Googl,"2020-02-15 06:34:11.043310"
10,24.35,Googl,"2020-02-17 15:39:57.168128"
1,24.40,Googl,"2020-02-18 22:27:33.956864"
20,24.35,Googl,"2020-02-19 09:41:19.075156"
20,24.35,Googl,"2020-02-19 11:00:35.228427"
1,24.40,Googl,"2020-02-19 12:45:21.896286"
1,24.40,Googl,"2020-02-19 16:06:35.056491"
5,24.40,Googl,"2020-02-19 20:36:49.517525"
30,24.35,Googl,"2020-02-20 22:30:18.886123"
1,24.40,Googl,"2020-02-21 17:14:26.897727"
2,24.40,Googl,"2020-02-21 18:30:49.355292"
25,24.35,Googl,"2020-02-21 21:34:43.393968"
2,24.40,Googl,"2020-02-22 14:15:11.540522"
4,24.40,Googl,"2020-02-22 15:06:05.582595"
4,24.40,Googl,"2020-02-22 15:41:15.205550"
20,24.35,Googl,"2020-02-23 05:12:26.007142"
1,24.40,Googl,"2020-02-23 08:32:45.844798"
10,24.35,Googl,"2020-02-23 09:19:36.355784"
1,24.40,Googl,"2020-02-24 02:15:11.256538"
10,24.35,Googl,"2020-02-24 17:08:18.945285"
2,24.40,Googl,"2020-02-24 17:49:21.609030"
3,24.40,Googl,"2020-02-28 13:39:36.635972"
4,24.40,Googl,"2020-02-28 18:08:48.729535"
1,24.40,Googl,"2020-02-28 18:41:14.859795"
3,24.40,Googl,"2020-02-29 21:26:30.797940"
2,24.40,Googl,"2020-03-02 21:52:18.283526"
1,24.40,Googl,"2020-03-05 04:01:59.419507"
1,24.40,Googl,"2020-03-05 10:27:52.680669"
1,24.40,Googl,"2020-03-05 12:17:26.209730"
1,24.40,Googl,"2020-03-05 15:44:24.803403"
1,24.40,Googl,"2020-03-05 17:39:12.016692"
2,24.40,Googl,"2020-03-05 22:33:04.363825"
20,24.35,Googl,"2020-03-06 21:59:09.525623"
1,24.40,Googl,"2020-03-07 08:23:25.701228"
1,24.40,Googl,"2020-03-08 19:58:45.595883"
20,24.35,Googl,"2020-03-08 21:24:35.897369"
1,24.40,Googl,"2020-03-09 16:27:37.087634"
90,24.30,Googl,"2020-03-09 18:38:45.713186"
4,24.40,Googl,"2020-03-09 21:02:11.764453"
10,24.35,Googl,"2020-03-10 20:36:48.933227"
2,24.40,Googl,"2020-03-12 09:50:50.542802"
11,24.35,Googl,"2020-03-13 15:58:53.158231"
1,24.40,Googl,"2020-03-13 17:11:58.240880"
1,24.40,Googl,"2020-03-13 17:20:08.704597"
10,24.35,Googl,"2020-03-16 17:34:55.287709"
1,24.40,Googl,"2020-03-16 18:35:16.753948"
1,24.40,Googl,"2020-03-17 11:04:50.989633"
20,24.35,Googl,"2020-03-17 20:41:38.449989"
1,24.40,Googl,"2020-03-18 13:36:04.584986"
1,24.40,Googl,"2020-03-19 04:38:07.723670"
5,24.40,Googl,"2020-03-19 18:30:25.563762"
10,24.35,Googl,"2020-03-20 01:12:09.321446"
40,24.35,Googl,"2020-03-20 16:12:57.819755"
20,24.35,Googl,"2020-03-21 00:16:19.694504"
1,24.40,Googl,"2020-03-23 12:36:03.965401"
1,24.40,Googl,"2020-03-23 13:41:01.203391"
10,24.35,Googl,"2020-03-23 17:50:37.982798"
2,24.40,Googl,"2020-03-24 00:59:05.197565"
1,24.40,Googl,"2020-03-24 19:54:11.537160"
1,24.40,Googl,"2020-03-24 22:35:11.462914"
1,24.40,Googl,"2020-03-25 06:56:28.155874"
1,24.40,Googl,"2020-03-25 19:48:34.312487"
2,24.40,Googl,"2020-03-26 10:12:00.877884"
1,24.40,Googl,"2020-03-26 20:12:24.145171"
1,24.40,Googl,"2020-03-27 03:55:04.766044"
56,24.30,Googl,"2020-03-27 14:48:42.054967"
1,24.40,Googl,"2020-03-27 15:28:18.220412"
2,24.40,Googl,"2020-03-27 15:48:34.157500"
1,24.40,Googl,"2020-03-27 16:41:26.804845"
10,24.35,Googl,"2020-03-28 16:32:21.269558"
1,24.40,Googl,"2020-03-29 16:37:43.492732"
3,24.40,Googl,"2020-03-30 15:05:07.309341"
2,24.40,Googl,"2020-03-30 16:44:05.200191"
10,24.35,Googl,"2020-03-30 16:58:16.494265"
30,24.35,Googl,"2020-03-31 15:28:52.803847"
1,24.40,Googl,"2020-03-31 16:52:44.762135"
1,24.40,Googl,"2020-03-31 20:40:25.086336"
1,24.40,Googl,"2020-04-01 13:42:20.315974"
1,24.40,Googl,"2020-04-01 19:28:33.971963"
4,24.40,Googl,"2020-04-02 06:18:58.396924"
4,24.40,Googl,"2020-04-02 10:41:50.071529"
50,24.30,Googl,"2020-04-02 15:31:33.178666"
50,24.30,Googl,"2020-04-02 18:27:43.732163"
1,24.40,Googl,"2020-04-02 18:51:32.351160"
2,24.40,Googl,"2020-04-03 04:59:04.207760"
3,24.40,Googl,"2020-04-03 05:16:48.763003"
1,24.40,Googl,"2020-04-03 14:21:40.225497"
1,24.40,Googl,"2020-04-03 15:17:26.625417"
1,24.40,Googl,"2020-04-03 17:05:13.393465"
4,24.40,Googl,"2020-04-03 18:57:05.665769"
1,24.40,Googl,"2020-04-03 20:03:56.124588"
5,24.40,Googl,"2020-04-03 21:29:11.506574"
18,24.35,Googl,"2020-04-05 07:15:23.815785"
10,24.35,Googl,"2020-04-05 12:59:26.606353"
10,24.35,Googl,"2020-04-05 19:02:17.443213"
1,24.40,Googl,"2020-04-05 20:08:45.544277"
4,24.40,Googl,"2020-04-05 20:17:51.295853"
50,24.30,Googl,"2020-04-06 08:06:58.317599"
1,24.40,Googl,"2020-04-07 01:37:54.469094"
30,24.35,Googl,"2020-04-07 16:44:09.853574"
50,24.30,Googl,"2020-04-07 23:25:43.097102"
1,24.40,Googl,"2020-04-07 23:55:02.578312"
3,24.40,Googl,"2020-04-08 06:14:37.998618"
1,24.40,Googl,"2020-04-11 01:22:03.576936"
1,24.40,Googl,"2020-04-11 06:36:40.438468"
10,24.35,Googl,"2020-04-11 17:37:30.255196"
1,24.40,Googl,"2020-04-11 17:38:48.180788"
1,24.40,Googl,"2020-04-12 10:03:44.458943"
21,24.35,Googl,"2020-04-12 18:31:10.667240"
5,24.40,Googl,"2020-04-12 20:59:12.555434"
50,24.30,Googl,"2020-04-13 17:25:25.865521"
10,24.35,Googl,"2020-04-13 21:23:57.978949"
20,24.35,Googl,"2020-04-14 16:01:08.722431"
1,24.40,Googl,"2020-04-15 01:14:39.165630"
5,24.40,Googl,"2020-04-15 23:26:24.169164"
1,24.40,Googl,"2020-04-16 09:46:45.602471"
1,24.40,Googl,"2020-04-16 12:01:44.082198"
50,24.30,Googl,"2020-04-16 15:40:41.215387"
20,24.35,Googl,"2020-04-18 18:16:41.775839"
50,24.30,Googl,"2020-04-20 01:06:42.873579"
2,24.40,Googl,"2020-04-20 18:57:41.299723"
1,24.40,Googl,"2020-04-21 14:13:44.737826"
20,24.35,Googl,"2020-04-21 20:58:21.523765"
38,24.35,Googl,"2020-04-22 15:14:30.454708"
50,24.30,Googl,"2020-04-22 21:32:16.662122"
1,24.40,Googl,"2020-04-23 10:51:27.351939"
15,24.35,Googl,"2020-04-23 16:02:55.828705"
50,24.30,Googl,"2020-04-23 17:38:58.968249"
10,24.35,Googl,"2020-04-23 18:13:47.887377"
1,24.40,Googl,"2020-04-24 02:21:38.787806"
2,24.40,Googl,"2020-04-24 15:12:06.982299"
5,24.40,Googl,"2020-04-24 20:25:08.250662"
1,24.40,Googl,"2020-04-25 14:40:23.078248"
10,24.35,Googl,"2020-04-25 20:09:12.305060"
10,24.35,Googl,"2020-04-26 17:29:01.076294"
1,24.40,Googl,"2020-04-27 00:23:51.081525"
10,24.35,Googl,"2020-04-27 16:42:24.483486"
1,24.40,Googl,"2020-04-28 15:37:33.830864"
10,24.35,Googl,"2020-04-28 15:54:08.258991"
2,24.40,Googl,"2020-04-28 18:36:50.864911"
1,24.40,Googl,"2020-04-28 19:17:25.539584"
1,24.40,Googl,"2020-04-29 07:16:58.309778"
6,24.40,Googl,"2020-04-29 20:46:41.865903"
30,24.35,Googl,"2020-04-29 21:00:02.063054"
50,24.30,Googl,"2020-04-29 21:01:12.080811"
1,24.40,Googl,"2020-04-29 21:26:16.964645"
1,24.40,Googl,"2020-04-29 22:39:15.739529"
10,24.35,Googl,"2020-04-29 23:38:42.034801"
10,24.35,Googl,"2020-04-30 01:05:37.589481"
1,24.40,Googl,"2020-04-30 01:06:06.907676"
1,24.40,Googl,"2020-04-30 05:14:22.941308"
1,24.40,Googl,"2020-04-30 09:31:34.286280"
1,24.40,Googl,"2020-04-30 13:21:24.849000"
1,24.40,Googl,"2020-04-30 15:41:16.640912"
1,24.40,Googl,"2020-04-30 19:13:35.756409"
50,24.30,Googl,"2020-05-01 05:04:07.324895"
1,24.40,Googl,"2020-05-01 15:27:12.500956"
1,24.40,Googl,"2020-05-01 16:23:47.274197"
10,24.35,Googl,"2020-05-01 18:33:00.164230"
1,24.40,Googl,"2020-05-01 20:48:52.456693"
2,24.40,Googl,"2020-05-01 21:15:25.449727"
4,24.40,Googl,"2020-05-02 03:13:44.377892"
5,24.40,Googl,"2020-05-02 08:28:30.853774"
1,24.40,Googl,"2020-05-02 09:37:35.104366"
1,24.40,Googl,"2020-05-02 10:50:31.403691"
1,24.40,Googl,"2020-05-02 15:21:05.598508"
3,24.40,Googl,"2020-05-02 15:47:40.913645"
1,24.40,Googl,"2020-05-02 15:59:40.072038"
1,24.40,Googl,"2020-05-02 17:24:59.111485"
5,24.40,Googl,"2020-05-02 18:07:48.731579"
1,24.40,Googl,"2020-05-02 18:54:32.539258"
50,24.30,Googl,"2020-05-02 21:17:30.481730"
1,24.40,Googl,"2020-05-02 22:27:20.559859"
25,24.35,Googl,"2020-05-03 10:51:31.655567"
4,24.40,Googl,"2020-05-03 18:27:14.274040"
1,24.40,Googl,"2020-05-03 20:14:23.889595"
5,24.40,Googl,"2020-05-03 21:17:00.346825"
1,24.40,Googl,"2020-05-03 21:29:34.107480"
10,24.35,Googl,"2020-05-04 14:07:44.210662"
50,24.30,Googl,"2020-05-04 20:27:13.369246"
1,24.40,Googl,"2020-05-05 01:20:33.434006"
2,24.40,Googl,"2020-05-05 02:23:10.215066"
1,24.40,Googl,"2020-05-05 14:09:42.333959"
1,24.40,Googl,"2020-05-05 14:30:08.284628"
1,24.40,Googl,"2020-05-05 15:00:12.332057"
1,24.40,Googl,"2020-05-05 15:57:23.583392"
1,24.40,Googl,"2020-05-06 14:34:40.325249"
1,24.40,Googl,"2020-05-06 15:05:43.436054"
15,24.35,Googl,"2020-05-06 15:47:14.931575"
10,24.35,Googl,"2020-05-06 18:41:41.565466"
1,24.40,Googl,"2020-05-07 09:15:52.645214"
1,24.40,Googl,"2020-05-07 13:23:16.289478"
1,24.40,Googl,"2020-05-07 14:09:57.999965"
1,24.40,Googl,"2020-05-07 16:32:44.084916"
10,24.35,Googl,"2020-05-08 07:31:18.054697"
1,24.40,Googl,"2020-05-08 10:17:13.273699"
1,24.40,Googl,"2020-05-08 15:38:43.446488"
4,24.40,Googl,"2020-05-08 15:58:27.622235"
50,24.30,Googl,"2020-05-08 17:20:45.082937"
1,24.40,Googl,"2020-05-08 23:07:36.833368"
10,24.35,Googl,"2020-05-09 01:09:23.789907"
10,24.35,Googl,"2020-05-09 05:10:43.025924"
1,24.40,Googl,"2020-05-09 10:30:56.926179"
1,24.40,Googl,"2020-05-09 14:49:30.242760"
1,24.40,Googl,"2020-05-09 18:52:50.931010"
1,24.40,Googl,"2020-05-09 19:29:00.619736"
1,24.40,Googl,"2020-05-10 00:31:44.802787"
1,24.40,Googl,"2020-05-10 00:35:06.623150"
1,24.40,Googl,"2020-05-10 05:08:09.506936"
1,24.40,Googl,"2020-05-10 12:03:35.226327"
1,24.40,Googl,"2020-05-10 13:54:17.231920"
30,24.35,Googl,"2020-05-10 17:55:20.505425"
6,24.40,Googl,"2020-05-10 18:59:32.761980"
40,24.35,Googl,"2020-05-11 00:20:14.642732"
2,24.40,Googl,"2020-05-11 14:10:45.246000"
1,24.40,Googl,"2020-05-11 15:00:00.987148"
1,24.40,Googl,"2020-05-12 05:52:17.181295"
10,24.35,Googl,"2020-05-12 07:12:22.026792"
30,24.35,Googl,"2020-05-12 23:18:18.254296"
1,24.40,Googl,"2020-05-13 15:31:13.842808"
1,24.40,Googl,"2020-05-13 17:38:43.197312"
2,24.40,Googl,"2020-05-13 20:49:25.065094"
1,24.40,Googl,"2020-05-14 13:20:43.144006"
10,24.35,Googl,"2020-05-14 15:39:58.340210"
1,24.40,Googl,"2020-05-14 20:52:07.299202"
1,24.40,Googl,"2020-05-15 01:12:27.182592"
1,24.40,Googl,"2020-05-15 12:35:11.264469"
1,24.40,Googl,"2020-05-15 17:35:42.148423"
50,24.30,Googl,"2020-05-15 20:58:42.515492"
20,24.35,Googl,"2020-05-15 22:36:21.318193"
1,24.40,Googl,"2020-05-15 23:00:22.557990"
1,24.40,Googl,"2020-05-16 06:42:36.726693"
1,24.40,Googl,"2020-05-17 10:35:50.834219"
10,24.35,Googl,"2020-05-17 17:23:54.211616"
8,24.40,Googl,"2020-05-18 18:51:30.648260"
50,24.30,Googl,"2020-05-18 22:54:05.461415"
1,24.40,Googl,"2020-05-19 10:28:31.457122"
4,24.40,Googl,"2020-05-19 23:00:57.014428"
1,24.40,Googl,"2020-05-20 03:58:40.116488"
50,24.30,Googl,"2020-05-20 11:45:08.431848"
1,24.40,Googl,"2020-05-20 17:49:12.274097"
50,24.30,Googl,"2020-05-21 12:17:09.903162"
10,24.35,Googl,"2020-05-21 19:51:25.811904"
5,24.40,Googl,"2020-05-21 20:22:43.811613"
10,24.35,Googl,"2020-05-21 20:24:40.646298"
1,24.40,Googl,"2020-05-21 20:47:23.986699"
3,24.40,Googl,"2020-05-21 20:48:12.107907"
1,24.40,Googl,"2020-05-22 00:34:28.612224"
10,24.35,Googl,"2020-05-22 09:40:14.718370"
1,24.40,Googl,"2020-05-22 14:41:36.479247"
1,24.40,Googl,"2020-05-22 14:42:54.117977"
1,24.40,Googl,"2020-05-22 15:09:12.492295"
5,24.40,Googl,"2020-05-22 21:07:05.985241"
10,24.35,Googl,"2020-05-23 00:24:29.091697"
20,24.35,Googl,"2020-05-23 11:54:55.151767"
5,24.40,Googl,"2020-05-23 13:47:18.810058"
2,24.40,Googl,"2020-05-23 19:13:38.238238"
1,24.40,Googl,"2020-05-24 15:29:30.206543"
5,24.40,Googl,"2020-05-25 13:38:11.208601"
3,24.40,Googl,"2020-05-25 14:42:57.217061"
1,24.40,Googl,"2020-05-25 15:02:14.209509"
10,24.35,Googl,"2020-05-25 16:27:47.280659"
20,24.35,Googl,"2020-05-25 17:11:50.215224"
1,24.40,Googl,"2020-05-26 10:59:34.725708"
1,24.40,Googl,"2020-05-26 14:32:10.210317"
1,24.40,Googl,"2020-05-26 18:45:02.175139"
50,24.30,Googl,"2020-05-26 20:08:05.878047"
2,24.40,Googl,"2020-05-27 01:48:57.484541"
1,24.40,Googl,"2020-05-27 12:17:24.950993"
1,24.40,Googl,"2020-05-27 14:49:03.395370"
50,24.30,Googl,"2020-05-27 15:56:44.039898"
10,24.35,Googl,"2020-05-27 21:00:34.899826"
1,24.40,Googl,"2020-05-29 10:42:14.699806"
1,24.40,Googl,"2020-05-29 16:03:30.517691"
1,24.40,Googl,"2020-05-29 18:11:01.301538"
30,24.35,Googl,"2020-05-29 19:30:46.907592"
50,24.30,Googl,"2020-05-29 20:55:14.214676"
5,24.40,Googl,"2020-05-29 22:05:44.441292"
1,24.40,Googl,"2020-05-30 08:06:11.153926"
1,24.40,Googl,"2020-05-30 10:09:38.771158"
1,24.40,Googl,"2020-05-30 10:37:57.173568"
10,24.35,Googl,"2020-05-30 23:58:37.713380"
5,24.40,Googl,"2020-05-31 11:15:10.409603"
10,24.35,Googl,"2020-05-31 15:15:09.418900"
5,24.40,Googl,"2020-06-01 08:52:29.408624"
1,24.40,Googl,"2020-06-01 11:47:30.395580"
1,24.40,Googl,"2020-06-01 18:57:26.320331"
50,24.30,Googl,"2020-06-01 20:55:08.705449"
5,24.40,Googl,"2020-06-01 22:22:44.093306"
1,24.40,Googl,"2020-06-01 23:54:05.413403"
1,24.40,Googl,"2020-06-02 03:07:41.341279"
1,24.40,Googl,"2020-06-02 06:52:34.450098"
1,24.40,Googl,"2020-06-02 12:34:25.695997"
20,24.35,Googl,"2020-06-02 18:47:51.862079"
1,24.40,Googl,"2020-06-03 02:33:18.040920"
1,24.40,Googl,"2020-06-03 09:03:49.790819"
1,24.40,Googl,"2020-06-03 13:13:04.514166"
1,24.40,Googl,"2020-06-03 15:53:25.404407"
70,24.30,Googl,"2020-06-04 00:36:02.336473"
10,24.35,Googl,"2020-06-04 17:11:52.602006"
50,24.30,Googl,"2020-06-04 20:23:53.429926"
10,24.35,Googl,"2020-06-04 20:25:48.588759"
50,24.30,Googl,"2020-06-04 21:53:53.813276"
1,24.40,Googl,"2020-06-05 11:25:14.211816"
1,24.40,Googl,"2020-06-05 15:50:13.257233"
50,24.30,Googl,"2020-06-06 22:40:26.617791"
2,24.40,Googl,"2020-06-07 00:51:33.214043"
2,24.40,Googl,"2020-06-07 11:04:20.992297"
2,24.40,Googl,"2020-06-07 14:50:18.093991"
1,24.40,Googl,"2020-06-07 17:36:50.636251"
10,24.35,Googl,"2020-06-08 17:13:26.385523"
15,24.35,Googl,"2020-06-08 21:21:54.025358"
2,24.40,Googl,"2020-06-09 05:16:08.976194"
1,24.40,Googl,"2020-06-09 12:49:55.074963"
1,24.40,Googl,"2020-06-09 13:45:23.466753"
2,24.40,Googl,"2020-06-10 20:13:15.690266"
5,24.40,Googl,"2020-06-15 08:57:20.575467"
5,24.40,Googl,"2020-06-15 13:23:37.318909"
1,24.40,Googl,"2020-06-15 14:17:33.342293"
30,24.35,Googl,"2020-06-15 15:52:56.655252"
1,24.40,Googl,"2020-06-15 16:06:59.050651"
1,24.40,Googl,"2020-06-16 02:10:33.778362"
1,24.40,Googl,"2020-06-16 04:54:48.534146"
1,24.40,Googl,"2020-06-16 07:13:35.153527"
1,24.40,Googl,"2020-06-16 10:23:08.154051"
1,24.40,Googl,"2020-06-16 11:17:29.052047"
20,24.35,Googl,"2020-06-16 12:18:44.708702"
10,24.35,Googl,"2020-06-16 13:55:09.570738"
1,24.40,Googl,"2020-06-16 14:41:28.370547"
1,24.40,Googl,"2020-06-16 15:10:59.781079"
1,24.40,Googl,"2020-06-16 16:28:09.540449"
50,24.30,Googl,"2020-06-16 17:38:26.836480"
1,24.40,Googl,"2020-06-16 17:55:31.314668"
1,24.40,Googl,"2020-06-16 18:37:15.336772"
20,24.35,Googl,"2020-06-16 20:29:05.573389"
1,24.40,Googl,"2020-06-16 21:34:20.311659"
1,24.40,Googl,"2020-06-17 10:31:53.794483"
1,24.40,Googl,"2020-06-17 12:56:04.392567"
20,24.35,Googl,"2020-06-17 12:56:08.234367"
1,24.40,Googl,"2020-06-17 14:18:20.536991"
4,24.40,Googl,"2020-06-17 16:12:12.948246"
1,24.40,Googl,"2020-06-17 16:29:19.774151"
50,24.30,Googl,"2020-06-17 18:37:54.962378"
50,24.30,Googl,"2020-06-17 19:03:39.079858"
20,24.35,Googl,"2020-06-17 23:13:56.380061"
1,24.40,Googl,"2020-06-19 04:12:01.530056"
15,24.35,Googl,"2020-06-20 03:54:39.958906"
1,24.40,Googl,"2020-06-20 06:57:43.896375"
1,24.40,Googl,"2020-06-20 08:00:16.408060"
20,24.35,Googl,"2020-06-20 13:47:27.310508"
50,24.30,Googl,"2020-06-20 15:14:10.543442"
1,24.40,Googl,"2020-06-20 17:48:05.910454"
1,24.40,Googl,"2020-06-20 19:26:20.508900"
1,24.40,Googl,"2020-06-21 00:30:22.516962"
3,24.40,Googl,"2020-06-21 11:36:16.009636"
50,24.30,Googl,"2020-06-21 15:09:02.600471"
1,24.40,Googl,"2020-06-21 19:01:17.292230"
1,24.40,Googl,"2020-06-21 19:32:31.908451"
50,24.30,Googl,"2020-06-21 20:43:13.489654"
1,24.40,Googl,"2020-06-22 06:30:30.338666"
1,24.40,Googl,"2020-06-22 08:33:23.700943"
1,24.40,Googl,"2020-06-22 10:52:17.024602"
10,24.35,Googl,"2020-06-22 14:37:09.954445"
1,24.40,Googl,"2020-06-22 14:44:11.163797"
20,24.35,Googl,"2020-06-22 21:20:15.215749"
2,24.40,Googl,"2020-06-23 00:11:50.749232"
1,24.40,Googl,"2020-06-23 15:51:15.417821"
10,24.35,Googl,"2020-06-24 00:33:13.715927"
1,24.40,Googl,"2020-06-24 07:45:12.847401"
50,24.30,Googl,"2020-06-24 17:48:57.973049"
1,24.40,Googl,"2020-06-25 12:20:07.551706"
1,24.40,Googl,"2020-06-25 19:31:20.018763"
1,24.40,Googl,"2020-06-26 13:25:41.735772"
2,24.40,Googl,"2020-06-26 16:08:43.389830"
50,24.30,Googl,"2020-06-26 22:15:32.053389"
10,24.35,Googl,"2020-06-27 20:40:43.353489"
10,24.35,Googl,"2020-06-27 20:47:09.580943"
2,24.40,Googl,"2020-06-28 09:47:56.310084"
10,24.35,Googl,"2020-06-30 16:39:11.258055"
16,24.35,Googl,"2020-06-30 21:04:19.423389"
1,24.40,Googl,"2020-06-30 21:43:04.879198"
5,24.40,Googl,"2020-07-01 10:56:32.874799"
150,24.30,Googl,"2020-07-01 11:09:44.237891"
1,24.40,Googl,"2020-07-01 13:51:35.500490"
10,24.35,Googl,"2020-07-01 15:50:54.320356"
8,24.40,Googl,"2020-07-01 19:05:17.511276"
1,24.40,Googl,"2020-07-02 02:32:10.094698"
50,24.30,Googl,"2020-07-02 12:57:51.482824"
10,24.35,Googl,"2020-07-02 16:18:43.620394"
1,24.40,Googl,"2020-07-02 17:10:16.402491"
2,24.40,Googl,"2020-07-02 17:22:52.660341"
1,24.40,Googl,"2020-07-02 18:04:48.891146"
1,24.52,Googl,"2020-07-02 18:28:36.762389"
1,24.52,Googl,"2020-07-02 22:13:51.655163"
1,24.52,Googl,"2020-07-03 12:29:14.577755"
20,24.50,Googl,"2020-07-03 16:49:39.748552"
1,24.52,Googl,"2020-07-04 05:30:04.336090"
5,24.52,Googl,"2020-07-04 10:32:22.965863"
1,24.52,Googl,"2020-07-04 16:06:31.307492"
10,24.50,Googl,"2020-07-04 19:41:41.568641"
1,24.52,Googl,"2020-07-05 08:44:00.875819"
1,24.52,Googl,"2020-07-05 08:53:51.791115"
5,24.52,Googl,"2020-07-05 17:49:48.650236"
1,24.52,Googl,"2020-07-06 13:44:49.634850"
10,24.50,Googl,"2020-07-06 15:27:01.602372"
1,24.52,Googl,"2020-07-06 16:30:34.010301"
1,24.52,Googl,"2020-07-06 16:51:35.399891"
2,24.52,Googl,"2020-07-06 20:24:23.359178"
1,24.52,Googl,"2020-07-06 21:27:34.360906"
1,24.52,Googl,"2020-07-07 08:48:57.143888"
50,24.45,Googl,"2020-07-07 13:22:52.384231"
1,24.52,Googl,"2020-07-07 14:34:06.404123"
2,24.52,Googl,"2020-07-08 00:57:50.305654"
4,24.52,Googl,"2020-07-08 08:24:54.225322"
5,24.52,Googl,"2020-07-08 11:02:50.171471"
10,24.50,Googl,"2020-07-08 12:35:22.258862"
1,24.52,Googl,"2020-07-08 17:26:06.616487"
50,24.45,Googl,"2020-07-08 20:51:25.541220"
10,24.50,Googl,"2020-07-08 21:00:44.232374"
10,24.50,Googl,"2020-07-10 22:06:09.600754"
20,24.50,Googl,"2020-07-10 22:55:56.437992"
10,24.50,Googl,"2020-07-11 09:51:17.708486"
4,24.52,Googl,"2020-07-11 10:53:37.640446"
50,24.45,Googl,"2020-07-11 15:33:41.021564"
50,24.45,Googl,"2020-07-11 16:00:37.029454"
8,24.52,Googl,"2020-07-12 21:39:25.049975"
1,24.52,Googl,"2020-07-13 05:53:00.256672"
10,24.50,Googl,"2020-07-13 18:36:20.497446"
50,24.45,Googl,"2020-07-14 07:15:47.753707"
2,24.52,Googl,"2020-07-14 14:11:05.849272"
1,24.52,Googl,"2020-07-14 15:14:58.494741"
10,24.50,Googl,"2020-07-14 17:02:58.738566"
10,24.50,Googl,"2020-07-14 17:44:23.647949"
1,24.52,Googl,"2020-07-14 18:00:56.714439"
20,24.50,Googl,"2020-07-14 18:32:58.731904"
10,24.50,Googl,"2020-07-14 19:22:31.046077"
10,24.50,Googl,"2020-07-15 08:37:11.050181"
4,24.52,Googl,"2020-07-15 19:33:21.191827"
11,24.50,Googl,"2020-07-15 21:45:47.605683"
50,24.45,Googl,"2020-07-15 22:10:04.671994"
1,24.52,Googl,"2020-07-16 07:00:51.555187"
1,24.52,Googl,"2020-07-16 07:48:06.310685"
1,24.52,Googl,"2020-07-17 17:57:45.673192"
1,24.52,Googl,"2020-07-17 18:59:58.747648"
1,24.52,Googl,"2020-07-18 14:06:07.699741"
50,24.45,Googl,"2020-07-18 15:56:53.989781"
1,24.52,Googl,"2020-07-18 18:35:36.351057"
10,24.50,Googl,"2020-07-19 17:05:54.106437"
1,24.52,Googl,"2020-07-20 15:50:52.201923"
2,24.52,Googl,"2020-07-20 16:01:19.326081"
1,24.52,Googl,"2020-07-20 16:13:35.777099"
1,24.52,Googl,"2020-07-20 18:10:59.243455"
100,24.42,Googl,"2020-07-21 16:48:17.272797"
2,24.52,Googl,"2020-07-21 18:00:04.813934"
4,24.52,Googl,"2020-07-22 10:14:39.029894"
10,24.50,Googl,"2020-07-22 16:13:49.554512"
1,24.52,Googl,"2020-07-23 06:23:59.640127"
1,24.52,Googl,"2020-07-23 07:59:20.752560"
1,24.52,Googl,"2020-07-23 08:51:10.297574"
50,24.45,Googl,"2020-07-23 15:32:54.215342"
1,24.52,Googl,"2020-07-24 05:50:39.294453"
1,24.52,Googl,"2020-07-24 05:59:41.930354"
1,24.52,Googl,"2020-07-24 06:21:17.482082"
1,24.52,Googl,"2020-07-24 15:47:51.641223"
10,24.50,Googl,"2020-07-24 17:14:03.566670"
20,24.50,Googl,"2020-07-24 18:35:59.006913"
1,24.52,Googl,"2020-07-24 21:14:33.579736"
25,24.50,Googl,"2020-07-26 00:23:02.011352"
2,24.52,Googl,"2020-07-26 09:12:09.909143"
8,24.52,Googl,"2020-07-26 10:37:19.759087"
1,24.52,Googl,"2020-07-26 16:59:58.928562"
1,24.52,Googl,"2020-07-26 17:06:17.526603"
2,24.52,Googl,"2020-07-26 17:19:11.010946"
1,24.52,Googl,"2020-07-27 11:05:28.728132"
1,24.52,Googl,"2020-07-27 13:05:16.624176"
1,24.52,Googl,"2020-07-27 18:55:35.168531"
10,24.50,Googl,"2020-07-28 04:47:33.289336"
1,24.52,Googl,"2020-07-28 11:19:08.283362"
3,24.52,Googl,"2020-07-28 14:01:40.105603"
1,24.52,Googl,"2020-07-28 17:12:53.809155"
50,24.45,Googl,"2020-07-29 00:26:37.725178"
1,24.52,Googl,"2020-07-29 17:19:52.241153"
10,24.50,Googl,"2020-07-29 17:58:59.240035"
2,24.52,Googl,"2020-07-29 20:30:04.098024"
20,24.50,Googl,"2020-07-30 10:00:26.422060"
1,24.52,Googl,"2020-07-30 10:09:52.187890"
200,24.42,Googl,"2020-07-30 15:07:49.444044"
100,24.42,Googl,"2020-07-30 15:10:00.107928"
1,24.52,Googl,"2020-07-30 20:42:49.203719"
1,24.52,Googl,"2020-07-31 06:16:34.469465"
1,24.52,Googl,"2020-07-31 06:37:59.756791"
1,24.52,Googl,"2020-07-31 10:37:57.440488"
10,24.50,Googl,"2020-07-31 12:02:04.867778"
10,24.50,Googl,"2020-07-31 17:29:40.788735"
10,24.50,Googl,"2020-07-31 19:09:17.754593"
1,24.52,Googl,"2020-07-31 23:18:16.748843"
2,24.52,Googl,"2020-08-01 00:15:17.571002"
2,24.52,Googl,"2020-08-01 09:38:22.666514"
10,24.50,Googl,"2020-08-01 11:21:33.219587"
5,24.52,Googl,"2020-08-01 15:14:11.058694"
10,24.50,Googl,"2020-08-01 17:17:50.674205"
1,24.52,Googl,"2020-08-01 20:55:30.714536"
10,24.50,Googl,"2020-08-02 08:21:04.824694"
1,24.52,Googl,"2020-08-02 15:33:29.127625"
1,24.52,Googl,"2020-08-02 16:00:21.179973"
10,24.50,Googl,"2020-08-02 16:24:23.303411"
19,24.50,Googl,"2020-08-02 16:46:33.360535"
50,24.45,Googl,"2020-08-02 20:27:05.957199"
1,24.52,Googl,"2020-08-03 07:01:47.575750"
1,24.52,Googl,"2020-08-03 10:14:04.606403"
1,24.52,Googl,"2020-08-03 17:34:14.544590"
1,24.52,Googl,"2020-08-03 19:03:58.327025"
1,24.52,Googl,"2020-08-04 00:01:31.542823"
1,24.52,Googl,"2020-08-04 05:25:41.582404"
1,24.52,Googl,"2020-08-04 13:04:05.664292"
50,24.45,Googl,"2020-08-04 18:39:59.773175"
20,24.50,Googl,"2020-08-04 22:31:37.480025"
1,24.52,Googl,"2020-08-05 18:23:25.985229"
4,24.52,Googl,"2020-08-05 18:36:07.549011"
1,24.52,Googl,"2020-08-05 22:41:37.051312"
50,24.45,Googl,"2020-08-06 01:19:37.812429"
1,24.52,Googl,"2020-08-06 10:18:57.819081"
1,24.52,Googl,"2020-08-06 12:08:46.067832"
2,24.52,Googl,"2020-08-06 13:03:56.887057"
1,24.52,Googl,"2020-08-07 00:49:54.848417"
20,24.50,Googl,"2020-08-07 02:31:32.387266"
1,24.52,Googl,"2020-08-07 14:56:46.373559"
2,24.52,Googl,"2020-08-07 19:13:40.423380"
10,24.50,Googl,"2020-08-07 20:11:52.396077"
10,24.50,Googl,"2020-08-08 11:29:22.061832"
10,24.50,Googl,"2020-08-08 13:31:44.267699"
1,24.52,Googl,"2020-08-08 13:52:01.185934"
1,24.52,Googl,"2020-08-08 19:16:17.207928"
20,24.50,Googl,"2020-08-08 19:33:29.623196"
2,24.52,Googl,"2020-08-09 09:10:46.673471"
10,24.50,Googl,"2020-08-09 11:01:16.962436"
10,24.50,Googl,"2020-08-09 15:14:35.128002"
1,24.52,Googl,"2020-08-09 16:33:16.870366"
2,24.52,Googl,"2020-08-09 18:45:37.467805"
1,24.52,Googl,"2020-08-09 19:33:18.365278"
15,24.50,Googl,"2020-08-10 14:00:57.689260"
1,24.52,Googl,"2020-08-10 14:43:58.820260"
10,24.50,Googl,"2020-08-10 15:24:12.591957"
1,24.52,Googl,"2020-08-10 16:28:25.838697"
50,24.45,Googl,"2020-08-10 17:35:08.858258"
20,24.50,Googl,"2020-08-10 17:49:36.699672"
1,24.52,Googl,"2020-08-10 21:17:45.737555"
1,24.52,Googl,"2020-08-10 23:39:34.334973"
10,24.50,Googl,"2020-08-11 00:22:24.920676"
1,24.52,Googl,"2020-08-11 18:35:42.342926"
1,24.52,Googl,"2020-08-11 19:03:53.996483"
1,24.52,Googl,"2020-08-12 10:06:59.828312"
1,24.52,Googl,"2020-08-12 11:13:03.211408"
5,24.52,Googl,"2020-08-12 14:59:46.895149"
10,24.50,Googl,"2020-08-12 22:03:49.438194"
1,24.52,Googl,"2020-08-13 12:05:44.323634"
10,24.50,Googl,"2020-08-13 14:42:29.229482"
1,24.52,Googl,"2020-08-13 17:52:35.654290"
20,24.50,Googl,"2020-08-13 23:33:11.533027"
4,24.52,Googl,"2020-08-14 20:16:14.303713"
2,24.52,Googl,"2020-08-14 23:31:49.479189"
50,24.45,Googl,"2020-08-15 13:27:05.471935"
10,24.50,Googl,"2020-08-15 16:21:49.169027"
5,24.52,Googl,"2020-08-15 16:39:59.575221"
5,24.52,Googl,"2020-08-16 15:05:26.975577"
50,24.45,Googl,"2020-08-17 15:07:58.464536"
1,24.52,Googl,"2020-08-17 17:03:03.019781"
2,24.52,Googl,"2020-08-17 17:13:33.971760"
1,24.52,Googl,"2020-08-17 17:34:14.277600"
1,24.52,Googl,"2020-08-17 18:33:59.190315"
1,24.52,Googl,"2020-08-17 18:36:52.192974"
10,24.50,Googl,"2020-08-17 19:18:13.282347"
30,24.50,Googl,"2020-08-18 07:01:56.600442"
1,24.52,Googl,"2020-08-18 15:30:12.140575"
1,24.52,Googl,"2020-08-18 21:29:04.155847"
4,24.52,Googl,"2020-08-18 21:29:09.424822"
10,24.50,Googl,"2020-08-18 22:13:54.028493"
1,24.52,Googl,"2020-08-18 22:32:17.647458"
1,24.52,Googl,"2020-08-19 05:53:37.952034"
15,24.50,Googl,"2020-08-19 08:25:17.448900"
1,24.52,Googl,"2020-08-19 10:48:50.707916"
1,24.52,Googl,"2020-08-19 11:09:48.871636"
412,24.42,Googl,"2020-08-20 08:39:39.750207"
188,24.42,Googl,"2020-08-20 09:00:41.626256"
10,24.50,Googl,"2020-08-20 16:18:56.292600"
10,24.50,Googl,"2020-08-21 18:01:42.618337"
10,24.50,Googl,"2020-08-21 18:30:20.578199"
10,24.50,Googl,"2020-08-21 18:34:17.248680"
50,24.45,Googl,"2020-08-22 14:50:37.185020"
1,24.52,Googl,"2020-08-23 05:59:05.063512"
1,24.52,Googl,"2020-08-23 06:23:53.654302"
1,24.52,Googl,"2020-08-23 11:10:09.063846"
10,24.50,Googl,"2020-08-23 16:07:34.865935"
2,24.52,Googl,"2020-08-23 16:19:09.702701"
1,24.52,Googl,"2020-08-23 16:35:24.276548"
4,24.52,Googl,"2020-08-23 17:11:31.617021"
4,24.52,Googl,"2020-08-23 20:41:33.577451"
1,24.52,Googl,"2020-08-24 05:50:41.717820"
4,24.52,Googl,"2020-08-24 08:20:25.590082"
2,24.52,Googl,"2020-08-24 12:52:58.167943"
1,24.52,Googl,"2020-08-24 14:17:44.170676"
1,24.52,Googl,"2020-08-24 14:31:23.100434"
10,24.50,Googl,"2020-08-24 15:52:05.721747"
1,24.52,Googl,"2020-08-24 17:19:51.189934"
10,24.50,Googl,"2020-08-24 21:17:40.180614"
10,24.50,Googl,"2020-08-25 11:33:37.440326"
1,24.52,Googl,"2020-08-25 13:15:14.937235"
50,24.45,Googl,"2020-08-25 17:27:17.612910"
2,24.52,Googl,"2020-08-25 20:41:09.167456"
10,24.50,Googl,"2020-08-26 02:39:16.007357"
1,24.52,Googl,"2020-08-26 08:08:00.027959"
1,24.52,Googl,"2020-08-26 09:43:56.563211"
1,24.52,Googl,"2020-08-26 11:30:49.775394"
1,24.52,Googl,"2020-08-26 17:26:53.990929"
1,24.52,Googl,"2020-08-26 17:43:44.965149"
1,24.52,Googl,"2020-08-26 20:21:54.406369"
10,24.50,Googl,"2020-08-27 02:10:06.763744"
2,24.52,Googl,"2020-08-27 09:34:23.367662"
100,24.42,Googl,"2020-08-27 16:33:50.939029"
5,24.52,Googl,"2020-08-27 20:38:26.065607"
20,24.50,Googl,"2020-08-28 19:48:52.726103"
50,24.45,Googl,"2020-08-28 20:46:44.776681"
1,24.52,Googl,"2020-08-28 21:19:33.908359"
10,24.50,Googl,"2020-08-28 22:30:50.960533"
10,24.50,Googl,"2020-08-29 06:38:02.033705"
1,24.52,Googl,"2020-08-29 17:56:11.244654"
2,24.52,Googl,"2020-08-29 22:40:10.475276"
1,24.52,Googl,"2020-08-30 09:30:52.832413"
1,24.52,Googl,"2020-08-30 11:57:08.441292"
37,24.50,Googl,"2020-08-30 19:43:08.149989"
50,24.45,Googl,"2020-08-30 21:30:07.919167"
4,24.52,Googl,"2020-08-31 15:52:21.076383"
1,24.52,Googl,"2020-09-01 13:56:27.878786"
10,24.50,Googl,"2020-09-01 21:50:04.854740"
1,24.52,Googl,"2020-09-02 10:07:23.582337"
1,24.52,Googl,"2020-09-02 14:11:06.572974"
1,24.52,Googl,"2020-09-02 16:55:05.087944"
1,24.52,Googl,"2020-09-02 17:26:36.908939"
10,24.50,Googl,"2020-09-02 19:37:07.133404"
30,24.50,Googl,"2020-09-03 08:24:41.816088"
35,24.50,Googl,"2020-09-03 12:56:12.883439"
10,24.50,Googl,"2020-09-03 15:12:24.084062"
1,24.52,Googl,"2020-09-03 15:14:30.748004"
50,24.45,Googl,"2020-09-03 17:14:46.993085"
10,24.50,Googl,"2020-09-03 21:05:48.512996"
1,24.52,Googl,"2020-09-04 16:41:43.155517"
1,24.52,Googl,"2020-09-04 18:08:38.635470"
10,24.50,Googl,"2020-09-04 19:27:51.442742"
1,24.52,Googl,"2020-09-05 07:04:21.337947"
2,24.52,Googl,"2020-09-05 08:25:56.522599"
4,24.52,Googl,"2020-09-05 13:17:28.351689"
1,24.52,Googl,"2020-09-05 13:51:55.162780"
1,24.52,Googl,"2020-09-05 14:05:47.148518"
1,24.52,Googl,"2020-09-05 14:09:32.541504"
1,24.52,Googl,"2020-09-05 14:44:27.087265"
1,24.52,Googl,"2020-09-05 15:22:37.318969"
1,24.52,Googl,"2020-09-05 17:38:23.091662"
10,24.50,Googl,"2020-09-06 04:13:52.393936"
1,24.52,Googl,"2020-09-06 06:08:24.965611"
1,24.52,Googl,"2020-09-06 13:16:43.648624"
2,24.52,Googl,"2020-09-06 13:43:29.790636"
10,24.50,Googl,"2020-09-06 17:16:26.296338"
150,24.42,Googl,"2020-09-06 23:19:08.899547"
2,24.52,Googl,"2020-09-07 05:19:56.517651"
1,24.52,Googl,"2020-09-07 07:10:47.766918"
1,24.52,Googl,"2020-09-07 09:10:59.818047"
1,24.52,Googl,"2020-09-07 15:15:31.741093"
1,24.52,Googl,"2020-09-08 12:16:47.887099"
1,24.52,Googl,"2020-09-08 13:09:10.682909"
1,24.52,Googl,"2020-09-08 22:33:32.894200"
3,24.52,Googl,"2020-09-09 17:19:44.900870"
2,24.52,Googl,"2020-09-09 18:16:35.054775"
1,24.52,Googl,"2020-09-09 20:12:12.203533"
10,24.50,Googl,"2020-09-10 05:11:49.887764"
2,24.52,Googl,"2020-09-10 20:55:40.476204"
10,24.50,Googl,"2020-09-12 15:34:02.866033"
5,24.52,Googl,"2020-09-13 21:25:03.060657"
10,24.50,Googl,"2020-09-14 13:50:52.218895"
13,24.50,Googl,"2020-09-14 16:08:09.709261"
8,24.52,Googl,"2020-09-14 18:50:53.274207"
1,24.52,Googl,"2020-09-14 20:07:13.580585"
2,24.52,Googl,"2020-09-14 20:36:11.018491"
2,24.52,Googl,"2020-09-15 08:41:32.420626"
1,24.52,Googl,"2020-09-15 17:11:32.458649"
1,24.52,Googl,"2020-09-15 21:57:46.868224"
1,24.52,Googl,"2020-09-16 02:38:56.848242"
50,24.45,Googl,"2020-09-16 18:35:42.817204"
2,24.52,Googl,"2020-09-17 06:37:21.155077"
1,24.52,Googl,"2020-09-17 14:28:05.951595"
10,24.50,Googl,"2020-09-17 14:47:36.204262"
1,24.52,Googl,"2020-09-17 15:03:02.589974"
1,24.52,Googl,"2020-09-17 16:36:50.153041"
1,24.52,Googl,"2020-09-17 21:56:12.831765"
10,24.50,Googl,"2020-09-17 23:42:01.169394"
10,24.50,Googl,"2020-09-18 18:40:04.347205"
50,24.45,Googl,"2020-09-18 21:22:35.123633"
10,24.50,Googl,"2020-09-18 23:19:33.012661"
10,24.50,Googl,"2020-09-18 23:46:43.475413"
30,24.50,Googl,"2020-09-19 09:32:38.498526"
1,24.52,Googl,"2020-09-19 09:35:51.804483"
1,24.52,Googl,"2020-09-19 10:20:59.981082"
1,24.52,Googl,"2020-09-19 15:35:04.289960"
4,24.52,Googl,"2020-09-19 16:54:24.521844"
1,24.52,Googl,"2020-09-19 17:21:34.959756"
1,24.52,Googl,"2020-09-19 17:21:58.640086"
1,24.52,Googl,"2020-09-19 17:47:24.176947"
10,24.50,Googl,"2020-09-19 18:38:25.818734"
1,24.52,Googl,"2020-09-19 21:19:09.102313"
1,24.52,Googl,"2020-09-19 21:29:55.427126"
1,24.52,Googl,"2020-09-20 09:26:03.483843"
2,24.52,Googl,"2020-09-20 11:01:00.359351"
2,24.52,Googl,"2020-09-20 11:23:36.148224"
1,24.52,Googl,"2020-09-20 14:44:10.822574"
50,24.45,Googl,"2020-09-20 15:10:38.064490"
50,24.45,Googl,"2020-09-20 22:52:17.099404"
1,24.52,Googl,"2020-09-21 03:07:55.559914"
1,24.52,Googl,"2020-09-21 03:15:34.938505"
1,24.52,Googl,"2020-09-21 09:55:13.369403"
20,24.50,Googl,"2020-09-21 13:22:08.305484"
1,24.52,Googl,"2020-09-21 14:48:30.508394"
1,24.52,Googl,"2020-09-21 20:44:39.181796"
1,24.52,Googl,"2020-09-22 11:07:22.734956"
1,24.52,Googl,"2020-09-22 13:21:03.182769"
1,24.52,Googl,"2020-09-22 13:24:48.368885"
1,24.52,Googl,"2020-09-22 13:48:09.617311"
1,24.52,Googl,"2020-09-22 15:22:58.220345"
3,24.52,Googl,"2020-09-22 15:25:07.838535"
2,24.52,Googl,"2020-09-22 17:58:02.204940"
5,24.52,Googl,"2020-09-22 21:10:27.797953"
1,24.52,Googl,"2020-09-23 12:31:47.741041"
4,24.52,Googl,"2020-09-23 19:25:32.556613"
1,24.52,Googl,"2020-09-23 21:29:50.323799"
2,24.52,Googl,"2020-09-24 05:16:20.133864"
1,24.52,Googl,"2020-09-24 13:17:51.496199"
1,24.52,Googl,"2020-09-24 14:11:45.912375"
50,24.45,Googl,"2020-09-24 15:56:50.170890"
20,24.50,Googl,"2020-09-24 17:17:09.546273"
1,24.52,Googl,"2020-09-24 17:52:43.773335"
1,24.52,Googl,"2020-09-24 18:25:33.839480"
1,24.52,Googl,"2020-09-25 14:47:32.056551"
3,24.52,Googl,"2020-09-25 15:19:23.579278"
10,24.50,Googl,"2020-09-25 15:31:58.231559"
10,24.50,Googl,"2020-09-25 16:39:23.493684"
10,24.50,Googl,"2020-09-25 18:37:48.778795"
1,24.52,Googl,"2020-09-25 20:03:47.616910"
1,24.52,Googl,"2020-09-26 05:26:20.881400"
1,24.52,Googl,"2020-09-26 09:56:59.190271"
1,24.52,Googl,"2020-09-26 10:21:17.834109"
2,24.52,Googl,"2020-09-26 13:39:27.766825"
1,24.52,Googl,"2020-09-26 19:29:07.629946"
1,24.52,Googl,"2020-09-26 20:00:25.352148"
2,24.52,Googl,"2020-09-27 10:06:57.722261"
5,24.52,Googl,"2020-09-27 11:04:48.145702"
1,24.52,Googl,"2020-09-27 21:41:51.781441"
50,24.45,Googl,"2020-09-27 21:52:44.077842"
1,24.52,Googl,"2020-09-28 10:20:06.422628"
10,24.50,Googl,"2020-09-28 12:10:24.771763"
1,24.52,Googl,"2020-09-28 21:02:14.479848"
1,24.52,Googl,"2020-09-28 21:31:41.795566"
3,24.52,Googl,"2020-09-29 11:10:00.479769"
5,24.52,Googl,"2020-09-29 18:49:36.608564"
1,24.52,Googl,"2020-09-29 18:50:08.026414"
10,24.50,Googl,"2020-09-29 19:35:07.390480"
1,24.52,Googl,"2020-09-30 00:04:55.463256"
2,24.52,Googl,"2020-09-30 10:10:17.233042"
1,24.52,Googl,"2020-09-30 11:38:04.625292"
1,24.52,Googl,"2020-09-30 14:27:03.744465"
1,24.52,Googl,"2020-09-30 14:38:45.448704"
1,24.52,Googl,"2020-09-30 15:20:25.024356"
2,24.52,Googl,"2020-09-30 20:32:49.977476"
4,24.52,Googl,"2020-10-01 09:35:29.493638"
1,24.52,Googl,"2020-10-01 09:49:43.832435"
1,24.52,Googl,"2020-10-01 15:15:11.067740"
5,24.52,Googl,"2020-10-01 16:08:27.929258"
50,24.45,Googl,"2020-10-02 02:42:57.279933"
2,24.52,Googl,"2020-10-02 14:20:59.079751"
1,24.52,Googl,"2020-10-02 16:34:53.276020"
10,24.50,Googl,"2020-10-02 16:58:15.020581"
2,24.52,Googl,"2020-10-02 17:03:30.646707"
100,24.42,Googl,"2020-10-02 19:43:18.461565"
14,24.50,Googl,"2020-10-03 00:36:41.798166"
1,24.52,Googl,"2020-10-03 12:17:00.258260"
4,24.52,Googl,"2020-10-03 13:02:07.118782"
50,24.45,Googl,"2020-10-04 15:13:13.925690"
1,24.52,Googl,"2020-10-04 15:51:05.453608"
2,24.52,Googl,"2020-10-04 16:51:50.297480"
1,24.52,Googl,"2020-10-04 23:37:42.004732"
4,24.52,Googl,"2020-10-05 11:15:59.806452"
1,24.52,Googl,"2020-10-05 12:01:12.293051"
1,24.52,Googl,"2020-10-05 13:07:10.009916"
1,24.52,Googl,"2020-10-05 14:18:16.240510"
1,24.52,Googl,"2020-10-05 15:33:26.068165"
100,24.42,Googl,"2020-10-05 20:58:43.698765"
1,24.52,Googl,"2020-10-05 21:50:00.728426"
21,24.50,Googl,"2020-10-06 03:33:16.675461"
2,24.52,Googl,"2020-10-06 11:01:37.763331"
110,24.42,Googl,"2020-10-06 14:03:28.550182"
1,24.52,Googl,"2020-10-06 15:35:19.540934"
10,24.50,Googl,"2020-10-06 16:34:58.087136"
1,24.52,Googl,"2020-10-07 08:01:35.093650"
1,24.52,Googl,"2020-10-07 12:00:24.082550"
1,24.52,Googl,"2020-10-07 16:52:28.797326"
1,24.52,Googl,"2020-10-07 18:30:19.854912"
10,24.50,Googl,"2020-10-07 19:05:38.284478"
11,24.50,Googl,"2020-10-08 00:20:51.723793"
2,24.52,Googl,"2020-10-08 06:36:33.182847"
1,24.52,Googl,"2020-10-08 11:53:55.889989"
10,24.50,Googl,"2020-10-08 16:19:44.431451"
20,24.50,Googl,"2020-10-08 17:43:06.725981"
1,24.52,Googl,"2020-10-08 17:43:15.104130"
10,24.50,Googl,"2020-10-08 18:44:46.814206"
10,24.50,Googl,"2020-10-08 19:57:46.556827"
1,24.52,Googl,"2020-10-08 20:20:17.850034"
1,24.52,Googl,"2020-10-08 20:33:08.899905"
1,24.52,Googl,"2020-10-09 21:37:13.892413"
50,24.45,Googl,"2020-10-09 22:00:05.554917"
1,24.52,Googl,"2020-10-10 10:16:40.528667"
4,24.52,Googl,"2020-10-10 13:16:09.021691"
1,24.52,Googl,"2020-10-10 23:46:03.894551"
1,24.52,Googl,"2020-10-11 06:49:59.019341"
15,24.50,Googl,"2020-10-11 10:07:43.620127"
1,24.52,Googl,"2020-10-11 12:53:17.690887"
2,24.52,Googl,"2020-10-11 18:36:03.465153"
1,24.52,Googl,"2020-10-12 17:23:43.524297"
100,24.42,Googl,"2020-10-12 19:08:16.305588"
5,24.52,Googl,"2020-10-13 06:40:15.261349"
1,24.52,Googl,"2020-10-13 10:08:28.414262"
1,24.52,Googl,"2020-10-13 11:34:05.357114"
1,24.52,Googl,"2020-10-13 15:34:18.851756"
1,24.52,Googl,"2020-10-13 18:55:44.535246"
1,24.52,Googl,"2020-10-13 21:03:43.946487"
1,24.52,Googl,"2020-10-14 00:31:16.642256"
20,24.50,Googl,"2020-10-14 03:39:55.251999"
1,24.52,Googl,"2020-10-14 13:55:28.945709"
2,24.52,Googl,"2020-10-14 15:50:17.465731"
1,24.52,Googl,"2020-10-14 17:01:56.098092"
2,24.52,Googl,"2020-10-14 22:39:56.377833"
1,24.52,Googl,"2020-10-15 05:41:16.744516"
1,24.52,Googl,"2020-10-15 05:43:36.774012"
1,24.52,Googl,"2020-10-15 05:43:49.729325"
50,24.45,Googl,"2020-10-15 14:01:21.707221"
1,24.52,Googl,"2020-10-15 17:41:51.071039"
15,24.50,Googl,"2020-10-15 17:44:11.972640"
10,24.50,Googl,"2020-10-15 19:08:08.305039"
3,24.52,Googl,"2020-10-15 20:44:37.637594"
10,24.50,Googl,"2020-10-15 21:27:49.862033"
2,24.52,Googl,"2020-10-16 08:00:12.969012"
1,24.52,Googl,"2020-10-16 12:27:48.583055"
2,24.52,Googl,"2020-10-16 17:13:58.285959"
1,24.52,Googl,"2020-10-16 19:42:38.736538"
1,24.52,Googl,"2020-10-17 17:11:13.410527"
1,24.52,Googl,"2020-10-17 17:21:36.935096"
1,24.52,Googl,"2020-10-17 21:56:30.661299"
1,24.52,Googl,"2020-10-18 08:56:15.486593"
10,24.50,Googl,"2020-10-18 13:55:12.936742"
1,24.52,Googl,"2020-10-18 15:27:00.824573"
50,24.45,Googl,"2020-10-18 15:54:56.067917"
1,24.52,Googl,"2020-10-18 18:31:31.350420"
5,24.52,Googl,"2020-10-19 13:58:01.116798"
1,24.52,Googl,"2020-10-19 17:43:27.433459"
1,24.52,Googl,"2020-10-19 18:55:13.554400"
10,24.50,Googl,"2020-10-19 21:46:40.046698"
20,24.50,Googl,"2020-10-20 07:12:27.297878"
11,24.50,Googl,"2020-10-20 14:56:11.660460"
1,24.52,Googl,"2020-10-20 18:14:45.334218"
41,24.50,Googl,"2020-10-20 18:59:32.243301"
100,24.42,Googl,"2020-10-20 20:39:38.198513"
1,24.52,Googl,"2020-10-20 21:10:17.006745"
1,24.52,Googl,"2020-10-21 04:11:16.599105"
1,24.52,Googl,"2020-10-21 15:29:59.608697"
3,24.52,Googl,"2020-10-21 15:37:09.695072"
1,24.52,Googl,"2020-10-21 20:19:50.160253"
10,24.50,Googl,"2020-10-22 03:35:59.648475"
10,24.50,Googl,"2020-10-22 15:21:57.243842"
1,24.52,Googl,"2020-10-22 15:37:21.283813"
1,24.52,Googl,"2020-10-22 17:14:48.062358"
1,24.52,Googl,"2020-10-22 19:02:45.266097"
20,24.50,Googl,"2020-10-22 19:27:18.568682"
50,24.45,Googl,"2020-10-22 19:42:10.967261"
10,24.50,Googl,"2020-10-23 15:56:23.502636"
70,24.45,Googl,"2020-10-23 20:08:04.966308"
10,24.50,Googl,"2020-10-23 21:47:25.169211"
1,24.52,Googl,"2020-10-24 11:58:26.346039"
1,24.52,Googl,"2020-10-24 13:12:29.439270"
1,24.52,Googl,"2020-10-24 15:37:31.187081"
1,24.52,Googl,"2020-10-24 18:33:26.595334"
6,24.52,Googl,"2020-10-24 19:32:59.170945"
1,24.52,Googl,"2020-10-25 07:03:25.892378"
1,24.52,Googl,"2020-10-25 10:43:46.614526"
50,24.45,Googl,"2020-10-25 20:08:28.703304"
30,24.50,Googl,"2020-10-26 00:40:45.304300"
1,24.52,Googl,"2020-10-26 15:12:59.582777"
1,24.52,Googl,"2020-10-26 16:05:37.039478"
100,24.42,Googl,"2020-10-26 17:14:19.096926"
1,24.52,Googl,"2020-10-26 21:16:17.961512"
10,24.50,Googl,"2020-10-27 02:43:08.594546"
5,24.52,Googl,"2020-10-27 05:26:06.058812"
2,24.52,Googl,"2020-10-27 10:18:39.248629"
2,24.52,Googl,"2020-10-27 17:19:35.549315"
4,24.52,Googl,"2020-10-27 19:08:05.775459"
30,24.50,Googl,"2020-10-28 07:35:39.743922"
10,24.50,Googl,"2020-10-28 08:51:07.617727"
4,24.52,Googl,"2020-10-28 09:40:09.870518"
4,24.52,Googl,"2020-10-28 13:17:05.852445"
2,24.52,Googl,"2020-10-28 14:49:07.695727"
50,24.45,Googl,"2020-10-28 21:02:34.104589"
1,24.52,Googl,"2020-10-29 10:37:45.228994"
1,24.52,Googl,"2020-10-29 19:51:26.658993"
2,24.52,Googl,"2020-10-29 20:17:22.963269"
1,24.52,Googl,"2020-10-30 05:51:18.569101"
10,24.50,Googl,"2020-10-30 19:24:38.031104"
1,24.52,Googl,"2020-10-30 22:05:26.751496"
1,24.52,Googl,"2020-10-31 00:41:36.392619"
50,24.45,Googl,"2020-10-31 13:27:08.615825"
4,24.52,Googl,"2020-10-31 14:18:59.826634"
10,24.50,Googl,"2020-10-31 15:22:36.136929"
1,24.52,Googl,"2020-10-31 15:27:11.243613"
1,24.52,Googl,"2020-10-31 19:01:47.438410"
1,24.52,Googl,"2020-10-31 20:24:53.366502"
1,24.52,Googl,"2020-11-01 00:27:51.559765"
5,24.52,Googl,"2020-11-01 16:40:54.901607"
31,24.50,Googl,"2020-11-02 01:49:00.476486"
50,24.45,Googl,"2020-11-02 14:19:13.059930"
2,24.52,Googl,"2020-11-02 16:37:19.759407"
2,24.52,Googl,"2020-11-02 21:01:34.663200"
1,24.52,Googl,"2020-11-02 21:45:40.324257"
10,24.50,Googl,"2020-11-03 01:44:22.794249"
10,24.50,Googl,"2020-11-03 07:37:04.015286"
1,24.52,Googl,"2020-11-03 10:41:23.337483"
10,47.00,Googl,"2019-08-08 15:06:10.727707"
3,47.10,Googl,"2019-08-08 17:29:54.350784"
20,47.00,Googl,"2019-08-08 17:59:25.450389"
10,47.00,Googl,"2019-08-08 18:27:21.056368"
40,47.00,Googl,"2019-08-11 20:09:58.643250"
3,47.10,Googl,"2019-08-12 21:34:35.567826"
15,47.00,Googl,"2019-08-13 15:41:20.551517"
3,47.10,Googl,"2019-08-16 13:15:58.023856"
3,47.10,Googl,"2019-08-16 19:50:59.693081"
3,47.10,Googl,"2019-08-16 19:58:41.613979"
3,47.10,Googl,"2019-08-19 18:32:26.582964"
41,47.00,Googl,"2019-08-19 22:33:08.828063"
20,47.00,Googl,"2019-08-26 19:03:51.200472"
6,47.10,Googl,"2019-08-27 14:16:50.859458"
3,47.10,Googl,"2019-08-27 20:54:59.256200"
20,47.00,Googl,"2019-08-29 07:06:20.601601"
3,47.10,Googl,"2019-08-29 15:58:45.755234"
20,47.00,Googl,"2019-08-30 15:45:45.735154"
10,47.00,Googl,"2019-08-30 19:03:00.337670"
5,47.10,Googl,"2019-09-01 04:29:16.821502"
10,47.00,Googl,"2019-09-01 04:32:06.988311"
10,47.00,Googl,"2019-09-01 11:40:25.397813"
9,47.10,Googl,"2019-09-04 14:35:31.760348"
15,47.00,Googl,"2019-09-05 06:31:27.539627"
4,47.10,Googl,"2019-09-05 17:57:59.182045"
15,47.00,Googl,"2019-09-12 14:43:57.218165"
3,47.10,Googl,"2019-09-26 15:49:34.655872"
16,47.00,Googl,"2019-09-26 21:52:38.558693"
21,47.00,Googl,"2019-09-27 08:25:59.393354"
29,47.00,Googl,"2019-10-08 20:56:04.528491"
20,47.00,Googl,"2019-10-11 14:15:36.084609"
30,47.00,Googl,"2019-10-12 01:37:15.361295"
1,47.10,Googl,"2019-10-21 18:31:45.343991"
2,47.10,Googl,"2019-10-21 18:52:24.517487"
3,47.10,Googl,"2019-10-21 19:06:33.037813"
2,47.10,Googl,"2019-10-21 19:38:41.287308"
12,47.00,Googl,"2019-10-21 21:09:51.996593"
27,47.00,Googl,"2019-10-22 16:54:02.541406"
1,47.10,Googl,"2019-10-29 21:21:41.166656"
2,47.10,Googl,"2019-10-30 22:04:14.254808"
2,47.10,Googl,"2019-10-30 23:14:57.673531"
10,47.00,Googl,"2019-10-31 15:07:55.409498"
3,47.10,Googl,"2019-10-31 17:18:35.575112"
30,46.70,Googl,"2019-11-26 10:58:43.313313"
1,46.75,Googl,"2019-11-26 12:56:35.131157"
68,46.65,Googl,"2019-11-26 18:01:08.287410"
10,46.70,Googl,"2019-12-24 20:33:40.845205"
2,46.75,Googl,"2019-12-25 06:32:48.680423"
10,46.70,Googl,"2019-12-25 09:32:43.435592"
1,46.75,Googl,"2019-12-25 11:33:05.943819"
15,46.70,Googl,"2019-12-25 22:31:58.463067"
1,46.75,Googl,"2019-12-27 10:28:02.995554"
2,46.75,Googl,"2019-12-27 16:03:04.450424"
50,46.65,Googl,"2019-12-27 19:58:33.739424"
1,46.75,Googl,"2019-12-27 20:06:03.880614"
8,46.75,Googl,"2019-12-27 20:58:37.105405"
2,46.75,Googl,"2019-12-30 08:32:19.869719"
20,46.70,Googl,"2020-01-01 13:40:46.774031"
8,46.75,Googl,"2020-01-01 23:57:14.036970"
10,46.70,Googl,"2020-01-02 16:44:42.422989"
20,46.70,Googl,"2020-01-03 11:47:51.475219"
1,46.75,Googl,"2020-01-04 21:19:07.245928"
2,46.75,Googl,"2020-01-05 13:27:49.323136"
15,46.70,Googl,"2020-01-06 08:54:18.567398"
1,46.75,Googl,"2020-01-06 13:42:11.142640"
46,46.70,Googl,"2020-01-06 17:44:54.498959"
15,46.70,Googl,"2020-01-11 16:33:11.654939"
1,46.75,Googl,"2020-01-12 02:54:40.652200"
1,46.75,Googl,"2020-01-12 20:23:40.819087"
2,46.75,Googl,"2020-01-12 21:53:34.898310"
1,46.75,Googl,"2020-01-13 11:07:17.806221"
20,46.70,Googl,"2020-01-13 16:39:31.801135"
1,46.75,Googl,"2020-01-13 17:12:41.598668"
22,46.70,Googl,"2020-01-13 17:15:43.638445"
1,46.75,Googl,"2020-01-17 06:59:00.448810"
1,46.75,Googl,"2020-01-17 14:17:24.211371"
4,46.75,Googl,"2020-01-17 16:05:27.497035"
5,46.75,Googl,"2020-01-18 12:52:54.935065"
1,46.75,Googl,"2020-01-18 14:00:12.471184"
5,46.75,Googl,"2020-01-18 20:41:23.990517"
10,46.70,Googl,"2020-01-19 16:04:10.461161"
5,46.75,Googl,"2020-01-19 23:00:04.407753"
1,46.75,Googl,"2020-01-22 09:42:19.971889"
12,46.70,Googl,"2020-01-22 17:39:34.229379"
1,46.75,Googl,"2020-01-30 10:28:26.578453"
10,46.70,Googl,"2020-01-30 15:27:39.830586"
30,46.70,Googl,"2020-01-30 18:30:22.984477"
10,46.70,Googl,"2020-01-31 23:41:07.395403"
5,46.75,Googl,"2020-02-01 18:35:39.316344"
1,46.75,Googl,"2020-02-03 07:15:11.360876"
17,46.70,Googl,"2020-02-03 15:23:07.869769"
1,46.75,Googl,"2020-02-07 17:54:40.331077"
20,46.70,Googl,"2020-02-08 00:10:24.492447"
20,46.70,Googl,"2020-02-09 08:10:09.315783"
1,46.60,Googl,"2020-03-08 13:45:07.907709"
1,46.60,Googl,"2020-03-08 14:23:32.560361"
1,46.60,Googl,"2020-03-08 14:37:24.699849"
1,46.60,Googl,"2020-03-10 12:09:01.933608"
1,46.60,Googl,"2020-03-15 16:58:18.964225"
1,46.60,Googl,"2020-03-16 18:28:07.471407"
2,46.60,Googl,"2020-03-17 18:43:37.212831"
2,46.60,Googl,"2020-03-18 06:44:46.203597"
5,46.60,Googl,"2020-03-18 12:47:52.453465"
2,46.60,Googl,"2020-03-18 16:28:21.051604"
2,46.60,Googl,"2020-03-19 10:52:45.293250"
2,46.60,Googl,"2020-03-19 13:43:48.535589"
20,46.50,Googl,"2020-03-20 16:13:36.827970"
3,46.60,Googl,"2020-03-24 22:25:12.073942"
3,46.60,Googl,"2020-03-25 14:05:06.331847"
1,46.60,Googl,"2020-03-25 14:34:08.658857"
1,46.60,Googl,"2020-03-25 16:55:36.991528"
1,46.60,Googl,"2020-03-26 17:14:42.947615"
23,46.50,Googl,"2020-03-26 18:43:46.590829"
1,46.60,Googl,"2020-03-26 19:22:25.887334"
20,46.50,Googl,"2020-03-27 10:36:39.379028"
7,46.60,Googl,"2020-03-27 14:42:23.187048"
2,46.60,Googl,"2020-04-13 19:42:17.867362"
6,46.60,Googl,"2020-05-06 23:34:11.626543"
50,46.45,Googl,"2020-05-11 10:09:51.328777"
1,46.60,Googl,"2020-05-11 11:24:21.470866"
3,46.60,Googl,"2020-05-11 19:09:56.744951"
1,46.60,Googl,"2020-05-13 10:38:42.507748"
9,46.60,Googl,"2020-05-13 17:30:47.981386"
3,46.60,Googl,"2020-05-13 21:12:55.260022"
1,46.60,Googl,"2020-05-16 18:09:29.159887"
1,46.60,Googl,"2020-05-18 22:33:11.248377"
1,46.60,Googl,"2020-05-19 09:19:29.096944"
2,46.60,Googl,"2020-05-20 17:01:13.366718"
1,46.60,Googl,"2020-05-22 16:27:37.135576"
2,46.60,Googl,"2020-05-23 20:12:17.584710"
1,46.60,Googl,"2020-05-25 15:51:13.301752"
1,46.60,Googl,"2020-05-26 07:12:52.080055"
1,46.60,Googl,"2020-05-27 00:12:09.853182"
1,46.60,Googl,"2020-05-27 10:34:59.373736"
1,46.60,Googl,"2020-05-27 14:20:49.959691"
1,46.60,Googl,"2020-05-27 19:07:06.419095"
1,46.60,Googl,"2020-05-27 20:32:44.606089"
1,46.60,Googl,"2020-05-29 21:27:32.398973"
10,46.50,Googl,"2020-05-29 23:16:07.275192"
2,46.60,Googl,"2020-05-30 00:55:52.084872"
1,46.60,Googl,"2020-05-30 08:05:51.214340"
1,46.60,Googl,"2020-06-01 13:25:52.096051"
3,46.60,Googl,"2020-06-02 20:09:48.300139"
3,46.60,Googl,"2020-06-06 19:51:39.281886"
1,46.60,Googl,"2020-06-08 11:37:58.965801"
3,46.60,Googl,"2020-06-08 14:27:39.109814"
3,46.60,Googl,"2020-06-24 23:33:49.042915"
1,46.60,Googl,"2020-06-25 19:22:09.530044"
5,46.60,Googl,"2020-06-26 16:02:05.471254"
20,46.50,Googl,"2020-06-26 16:14:30.932468"
1,46.60,Googl,"2020-06-27 02:30:03.334134"
6,46.60,Googl,"2020-06-27 02:35:22.834508"
1,46.60,Googl,"2020-07-02 08:14:20.405723"
3,46.60,Googl,"2020-07-02 17:22:33.054274"
5,46.60,Googl,"2020-07-03 16:35:51.490332"
2,46.60,Googl,"2020-07-07 10:02:17.881373"
1,46.60,Googl,"2020-07-07 22:51:51.077219"
3,46.60,Googl,"2020-07-07 23:14:50.722835"
1,46.60,Googl,"2020-07-08 13:19:25.097054"
5,46.60,Googl,"2020-07-08 15:43:20.077549"
2,46.60,Googl,"2020-07-08 20:46:37.996918"
13,46.50,Googl,"2020-07-09 12:27:47.838614"
1,47.10,Googl,"2020-07-16 02:48:07.110882"
1,47.10,Googl,"2020-07-16 06:57:16.788085"
1,47.10,Googl,"2020-07-18 11:22:43.202085"
1,47.10,Googl,"2020-07-18 14:36:00.336833"
1,47.10,Googl,"2020-07-19 15:00:41.472871"
1,47.10,Googl,"2020-07-21 18:43:54.442254"
1,47.10,Googl,"2020-07-26 06:41:06.213533"
2,47.10,Googl,"2020-07-26 17:34:48.656616"
1,47.10,Googl,"2020-07-29 00:36:16.736866"
5,47.10,Googl,"2020-07-29 00:50:54.880703"
2,47.10,Googl,"2020-07-29 19:06:02.562664"
3,47.10,Googl,"2020-07-30 02:10:47.224053"
1,47.10,Googl,"2020-07-30 15:09:58.949098"
11,47.05,Googl,"2020-07-31 01:50:51.705220"
3,9.50,Karma,"2019-08-04 19:25:06.107004"
3,9.50,Karma,"2019-08-08 19:13:38.894558"
3,9.50,Karma,"2019-08-14 05:30:55.017000"
7,9.50,Karma,"2019-08-14 05:51:30.488015"
3,9.50,Karma,"2019-09-08 05:10:44.024692"
3,9.50,Karma,"2019-11-03 23:26:57.166811"
3,9.70,Karma,"2020-08-29 15:32:23.587800"
50,14.20,ITUNE,"2019-07-03 16:15:09.779015"
30,14.25,ITUNE,"2019-07-04 16:49:17.643957"
100,14.20,ITUNE,"2019-07-06 06:41:23.664632"
4,14.30,ITUNE,"2019-07-10 16:56:04.888593"
15,14.25,ITUNE,"2019-07-12 20:00:24.433196"
10,14.25,ITUNE,"2019-07-16 17:52:29.941159"
10,14.25,ITUNE,"2019-07-21 14:09:58.057808"
15,14.25,ITUNE,"2019-07-27 23:59:35.132331"
30,14.25,ITUNE,"2019-07-29 11:08:40.892703"
30,14.25,ITUNE,"2019-07-29 20:30:36.570087"
3,14.30,ITUNE,"2019-07-30 08:47:04.592184"
50,14.20,ITUNE,"2019-07-31 06:36:45.882454"
10,14.25,ITUNE,"2019-08-02 19:18:05.102807"
25,14.25,ITUNE,"2019-08-03 11:42:09.500333"
20,14.25,ITUNE,"2019-08-05 15:26:00.382695"
4,14.30,ITUNE,"2019-08-06 14:12:14.245209"
20,14.25,ITUNE,"2019-08-08 15:15:18.723594"
50,14.20,ITUNE,"2019-08-11 20:13:32.475599"
50,14.20,ITUNE,"2019-08-16 19:52:22.623811"
20,14.25,ITUNE,"2019-08-20 16:35:01.154175"
50,14.20,ITUNE,"2019-08-21 09:53:02.883270"
30,14.25,ITUNE,"2019-08-22 17:59:43.594312"
50,14.20,ITUNE,"2019-08-24 16:11:05.063004"
100,14.20,ITUNE,"2019-08-27 02:39:12.978896"
30,14.25,ITUNE,"2019-08-29 07:06:42.536326"
50,14.20,ITUNE,"2019-08-30 08:07:39.755637"
50,14.20,ITUNE,"2019-08-30 19:52:08.056889"
50,14.20,ITUNE,"2019-09-01 20:03:01.577026"
15,14.25,ITUNE,"2019-09-01 20:33:57.835332"
18,14.25,ITUNE,"2019-09-02 07:11:57.309680"
27,14.25,ITUNE,"2019-09-02 16:43:41.863071"
24,14.25,ITUNE,"2019-09-02 18:50:00.831197"
50,14.20,ITUNE,"2019-09-05 16:11:16.326891"
20,14.25,ITUNE,"2019-09-05 18:18:56.160404"
3,14.30,ITUNE,"2019-09-08 15:59:34.779817"
100,14.20,ITUNE,"2019-09-08 20:56:46.923923"
15,14.25,ITUNE,"2019-09-10 02:50:02.575664"
25,14.25,ITUNE,"2019-09-10 22:45:27.774790"
50,14.20,ITUNE,"2019-09-11 21:33:49.756280"
50,14.20,ITUNE,"2019-09-13 20:09:30.839647"
3,14.30,ITUNE,"2019-09-14 02:59:45.078175"
30,14.25,ITUNE,"2019-09-15 23:44:48.263587"
3,14.30,ITUNE,"2019-09-24 18:10:47.523999"
4,14.30,ITUNE,"2019-09-26 15:46:24.700941"
50,14.20,ITUNE,"2019-09-26 21:51:16.128491"
20,14.25,ITUNE,"2019-09-29 19:10:46.956785"
3,14.30,ITUNE,"2019-09-30 13:24:23.201122"
100,14.20,ITUNE,"2019-10-01 05:24:10.907968"
3,14.30,ITUNE,"2019-10-02 12:40:13.022540"
3,14.30,ITUNE,"2019-10-02 19:01:13.304536"
1,14.30,ITUNE,"2019-10-03 21:19:01.857895"
30,14.25,ITUNE,"2019-10-04 20:37:33.080334"
50,14.20,ITUNE,"2019-10-05 00:10:41.772540"
50,14.20,ITUNE,"2019-10-05 08:41:58.093976"
50,14.20,ITUNE,"2019-10-08 20:56:49.950293"
100,14.20,ITUNE,"2019-10-11 10:45:17.882662"
1,14.30,ITUNE,"2019-10-14 16:43:29.178360"
100,14.20,ITUNE,"2019-10-15 20:22:36.621795"
1,14.30,ITUNE,"2019-10-17 17:37:15.976490"
50,14.20,ITUNE,"2019-10-19 20:23:14.973345"
