referral,visitors,rate,rate_type,created_time,,,,
Facebook,3,18.5,1,2019-06-19 13:23:00.067515,,,,
Google,100,60,2,2019-07-09 18:55:15.068150,,,,Facebook
Instagram,101,50,1,2019-07-11 23:13:55.494677,,,,Google
Twitter,299,20,2,2019-07-12 17:01:34.077648,,,,Instagram
Facebook,100,35,1,2019-07-24 19:40:44.300688,,,,Twitter
Google,150,17.75,2,2019-07-29 15:01:44.524884,,,,
Instagram,3,18.5,1,2019-08-06 16:49:47.715779,,,,
Twitter,10,18.25,2,2019-08-07 05:15:02.258781,,,,
Facebook,237,17.75,1,2019-08-07 12:35:34.800626,,,,
Google,400,17.75,2,2019-08-07 12:56:26.506737,,,,
Instagram,100,17.75,1,2019-08-07 14:20:39.482045,,,,
Twitter,100,20,2,2019-12-19 17:57:08.266732,,,,
Facebook,20,20,1,2020-01-09 01:14:15.040903,,,,
Google,20,20,2,2020-01-11 19:06:53.540725,,,,
Instagram,1,20.1,1,2020-02-07 14:17:54.838349,,,,
Twitter,1,20.1,2,2020-02-13 17:48:39.762933,,,,
Facebook,2,20.1,1,2020-02-15 17:05:40.144948,,,,
Google,1,20.1,2,2020-02-23 19:36:11.072570,,,,
Instagram,1,20.1,1,2020-02-28 00:28:07.109448,,,,
Twitter,2,20.1,2,2020-03-02 22:49:49.121368,,,,
Facebook,2,20.1,1,2020-03-07 13:35:50.847508,,,,
Google,2,20.1,2,2020-03-07 13:39:10.761496,,,,
Instagram,1,20.1,1,2020-03-11 01:07:40.161360,,,,
Twitter,1,20.1,2,2020-03-14 13:28:52.964770,,,,
Facebook,1,20.1,1,2020-03-14 19:28:30.785169,,,,
Google,2,20.1,2,2020-03-16 13:14:25.799119,,,,
Instagram,4,20.1,1,2020-03-16 13:35:07.474985,,,,
Twitter,3,20.1,2,2020-03-17 12:14:26.949745,,,,
Facebook,1,20.1,1,2020-03-17 17:33:40.601377,,,,
Google,1,20.1,2,2020-03-19 00:26:30.471908,,,,
Instagram,1,20.1,1,2020-03-19 15:58:23.823148,,,,
Twitter,4,20.1,2,2020-03-20 13:40:23.504675,,,,
Facebook,1,20.1,1,2020-03-20 14:15:17.049568,,,,
Google,4,20.1,2,2020-03-20 15:47:22.100274,,,,
Instagram,4,20.1,1,2020-03-20 21:31:33.178026,,,,
Twitter,4,48.8,2,2019-09-17 06:42:20.223828,,,,
Facebook,3,48.8,1,2019-09-27 20:49:08.973911,,,,
Google,2,23.8,2,2020-02-09 19:03:44.854672,,,,
Instagram,2,23.8,1,2020-02-10 13:00:41.331191,,,,
Twitter,5,23.8,2,2020-02-28 15:48:57.588513,,,,
Facebook,5,23.8,1,2020-05-15 15:30:45.557370,,,,
Google,2,23.8,2,2020-06-09 18:41:03.417845,,,,
Instagram,1,23.8,1,2020-06-23 13:39:46.979892,,,,
Twitter,1,23.8,2,2020-07-16 10:02:29.300810,,,,
Facebook,10,23.75,1,2020-07-27 20:38:39.499081,,,,
Google,1,23.8,2,2020-08-14 22:21:00.116783,,,,
Instagram,1,23.8,1,2020-08-21 11:17:43.031605,,,,
Twitter,10,9.65,2,2020-04-03 15:03:38.723364,,,,
Facebook,2,9.7,1,2020-04-29 10:50:46.908509,,,,
Google,10,9.65,2,2020-05-31 03:03:07.876672,,,,
Instagram,1,9.7,1,2020-06-01 14:52:03.027874,,,,
Twitter,3,9.7,2,2020-06-09 18:40:53.694027,,,,
Facebook,10,9.65,1,2020-06-11 12:58:11.006617,,,,
Google,2,9.7,2,2020-06-23 13:39:36.659122,,,,
Instagram,10,9.65,1,2020-07-06 22:26:40.320114,,,,
Twitter,5,9.7,2,2020-07-17 18:25:04.218637,,,,
Facebook,10,9.65,1,2020-07-27 20:38:29.924527,,,,
Google,1,9.7,2,2020-08-12 00:58:58.238698,,,,
Instagram,1,9.7,1,2020-08-14 00:16:40.232759,,,,
Twitter,1,9.7,2,2020-08-18 16:34:53.131714,,,,
Facebook,1,9.7,1,2020-08-25 19:19:35.569269,,,,
Google,1,9.7,2,2020-09-02 03:54:27.257385,,,,
Instagram,1,9.7,1,2020-09-06 13:20:38.824938,,,,
Twitter,1,9.7,2,2020-09-07 08:33:17.310033,,,,
Facebook,5,9.7,1,2020-09-15 11:20:58.632230,,,,
Google,1,9.7,2,2020-10-15 23:51:48.839854,,,,
Instagram,5,54.75,1,2019-07-04 15:59:26.549947,,,,
Twitter,3,54.75,2,2019-07-08 19:39:12.314400,,,,
Facebook,4,54.75,1,2019-07-17 10:19:09.138752,,,,
Google,20,54.6,2,2019-09-04 15:48:43.295156,,,,
Instagram,100,54.5,1,2019-09-05 06:36:37.863184,,,,
Twitter,5,54.75,2,2019-09-06 08:54:58.388242,,,,
Facebook,10,54.6,1,2019-09-17 07:23:30.265112,,,,
Google,50,53,2,2019-10-28 19:14:26.730607,,,,
Instagram,1,53.1,1,2019-11-02 13:07:59.128090,,,,
Twitter,120,53,2,2019-11-04 05:16:19.572234,,,,
Facebook,1,53.1,1,2019-11-04 19:05:34.005410,,,,
Google,10,53,2,2019-11-07 10:15:29.655621,,,,
Instagram,11,53,1,2019-11-08 16:31:49.733525,,,,
Twitter,2,53.1,2,2019-11-08 16:37:53.080557,,,,
Facebook,2,53.1,1,2019-11-24 19:57:16.243716,,,,
Google,3,53.1,2,2019-11-25 09:54:57.166746,,,,
Instagram,4,53.1,1,2019-11-25 17:31:59.492932,,,,
Twitter,1,53.1,2,2019-11-26 12:26:01.260432,,,,
Facebook,55,53,1,2019-11-26 12:26:51.960033,,,,
Google,48,53,2,2019-11-26 16:05:36.714002,,,,
Instagram,52,53,1,2019-11-26 16:12:17.742571,,,,
Twitter,1,53.1,2,2019-11-28 08:45:11.783284,,,,
Facebook,2,53.1,1,2019-11-28 16:00:56.435589,,,,
Google,50,53,2,2019-12-05 09:44:29.941517,,,,
Instagram,50,53,1,2019-12-05 14:37:44.799608,,,,
Twitter,30,53,2,2019-12-19 18:28:49.622602,,,,
Facebook,2,53.1,1,2019-12-22 16:49:57.194265,,,,
Google,10,53,2,2019-12-24 18:12:40.707294,,,,
Instagram,50,53,1,2019-12-30 18:47:59.324280,,,,
Twitter,10,53,2,2020-01-02 17:20:03.723888,,,,
Facebook,10,53,1,2020-01-05 20:15:58.713821,,,,
Google,1,53.1,2,2020-01-06 13:40:34.377152,,,,
Instagram,51,53.8,1,2020-01-06 22:04:36.211331,,,,
Twitter,3,54,2,2020-01-07 12:37:15.836852,,,,
Facebook,50,53.8,1,2020-01-08 21:34:23.194536,,,,
Google,5,54,2,2020-01-10 07:50:48.060463,,,,
Instagram,10,53.95,1,2020-01-17 22:36:49.584578,,,,
Twitter,10,53.95,2,2020-01-18 04:34:42.586600,,,,
Facebook,5,54,1,2020-01-19 02:58:10.621887,,,,
Google,30,53.95,2,2020-01-29 21:33:54.008479,,,,
Instagram,1,54,1,2020-02-01 17:52:53.414537,,,,
Twitter,10,53.95,2,2020-02-05 11:35:56.638108,,,,
Facebook,50,53.8,1,2020-02-08 19:30:49.718996,,,,
Google,10,53.95,2,2020-02-10 16:48:32.098103,,,,
Instagram,3,54,1,2020-02-16 20:46:10.763895,,,,
Twitter,50,53.8,2,2020-02-18 19:40:11.263621,,,,
Facebook,2,54,1,2020-02-19 07:56:04.631462,,,,
Google,50,53.8,2,2020-02-19 09:39:51.745017,,,,
Instagram,1,54,1,2020-02-20 12:53:02.067139,,,,
Twitter,5,54,2,2020-02-22 09:10:01.346804,,,,
Facebook,2,54,1,2020-02-22 16:25:32.443610,,,,
Google,1,54,2,2020-02-22 17:55:20.190186,,,,
Instagram,1,54,1,2020-02-24 08:34:59.319648,,,,
Twitter,1,54,2,2020-02-24 15:31:08.578694,,,,
Facebook,5,54,1,2020-02-26 09:56:16.482363,,,,
Google,1,54,2,2020-02-29 10:13:05.412001,,,,
Instagram,5,54,1,2020-02-29 19:12:16.619231,,,,
Twitter,50,53.8,2,2020-03-01 11:00:23.930660,,,,
Facebook,20,53.95,1,2020-03-03 18:38:32.098417,,,,
Google,50,53.8,2,2020-03-10 18:21:36.112498,,,,
Instagram,50,53.8,1,2020-03-22 14:38:42.016179,,,,
Twitter,5,54,2,2020-03-22 16:13:49.818674,,,,
Facebook,1,54,1,2020-03-28 18:12:38.020912,,,,
Google,4,54,2,2020-03-29 10:53:00.483183,,,,
Instagram,50,53.8,1,2020-03-29 20:03:38.362307,,,,
Twitter,15,53.95,2,2020-03-30 16:27:27.860857,,,,
Facebook,50,53.8,1,2020-04-02 18:28:49.639357,,,,
Google,100,53.8,2,2020-04-05 22:06:24.059282,,,,
Instagram,1,54,1,2020-04-12 04:41:56.028272,,,,
Twitter,2,54,2,2020-04-15 17:51:39.293689,,,,
Facebook,100,53.8,1,2020-04-17 17:14:39.906868,,,,
Google,2,54,2,2020-04-20 19:50:31.356939,,,,
Instagram,10,53.95,1,2020-04-23 16:35:04.517140,,,,
Twitter,100,53.8,2,2020-04-24 19:25:51.968631,,,,
Facebook,3,54,1,2020-04-27 04:45:26.911649,,,,
Google,10,53.95,2,2020-04-28 00:01:53.196066,,,,
Instagram,100,53.8,1,2020-05-02 19:18:08.236826,,,,
Twitter,2,54,2,2020-05-07 16:21:29.007480,,,,
Facebook,50,53.8,1,2020-05-10 08:15:02.027957,,,,
Google,10,53.95,2,2020-05-10 22:57:53.475769,,,,
Instagram,1,54,1,2020-05-19 12:20:19.366311,,,,
Twitter,1,54,2,2020-05-19 12:20:37.155700,,,,
Facebook,100,53.8,1,2020-05-21 22:43:05.189896,,,,
Google,50,53.8,2,2020-05-25 18:10:33.383683,,,,
Instagram,15,53.95,1,2020-05-25 20:11:52.486574,,,,
Twitter,4,54,2,2020-05-25 22:49:55.787145,,,,
Facebook,5,54,1,2020-05-26 11:49:48.255740,,,,
Google,1,54,2,2020-05-28 09:06:03.137133,,,,
Instagram,5,54,1,2020-05-30 11:24:02.798580,,,,
Twitter,2,54,2,2020-06-02 08:59:23.991873,,,,
Facebook,1,54,1,2020-06-02 12:37:41.015408,,,,
Google,2,54,2,2020-06-03 08:20:29.393442,,,,
Instagram,100,53.8,1,2020-06-05 20:40:26.910887,,,,
Twitter,1,54,2,2020-06-07 15:44:28.322542,,,,
Facebook,1,54,1,2020-06-08 09:33:20.563068,,,,
Google,1,54,2,2020-06-10 15:26:31.750600,,,,
Instagram,15,53.95,1,2020-06-10 18:03:39.612180,,,,
Twitter,50,53.8,2,2020-06-11 19:00:27.485555,,,,
Facebook,5,54,1,2020-06-14 23:06:28.512087,,,,
Google,1,54,2,2020-06-15 11:02:40.792582,,,,
Instagram,100,53.8,1,2020-06-15 19:59:31.175692,,,,
Twitter,2,54,2,2020-06-17 14:13:20.400243,,,,
Facebook,1,54,1,2020-06-18 09:20:00.472221,,,,
Google,4,54,2,2020-06-19 11:21:33.230783,,,,
Instagram,1,51.5,1,2020-06-23 10:57:55.304461,,,,
Twitter,1,51.5,2,2020-06-23 13:13:39.869695,,,,
Facebook,100,51.4,1,2020-06-24 19:27:32.707346,,,,
Google,5,51.5,2,2020-06-25 11:02:40.512747,,,,
Instagram,1,51.5,1,2020-06-25 13:19:12.500684,,,,
Twitter,1,51.5,2,2020-06-30 04:29:24.282393,,,,
Facebook,10,51.45,1,2020-06-30 11:28:05.726290,,,,
Google,2,51.5,2,2020-07-02 08:30:50.869188,,,,
Instagram,2,51.5,1,2020-07-06 10:54:12.009438,,,,
Twitter,50,51.4,2,2020-07-06 22:26:03.297266,,,,
Facebook,50,51.4,1,2020-07-14 08:50:10.469694,,,,
Google,4,51.5,2,2020-07-17 11:20:55.615423,,,,
Instagram,10,51.45,1,2020-07-21 11:39:28.659184,,,,
Twitter,100,51.4,2,2020-07-23 23:13:38.123350,,,,
Facebook,1,51.5,1,2020-07-24 12:56:11.886740,,,,
Google,2,51.5,2,2020-07-27 16:16:33.481032,,,,
Instagram,1,51.5,1,2020-07-28 06:37:41.945255,,,,
Twitter,1,51.5,2,2020-07-28 14:39:11.222673,,,,
Facebook,1,51.5,1,2020-07-28 14:47:13.359377,,,,
Google,1,51.5,2,2020-07-29 14:39:08.222501,,,,
Instagram,1,51.5,1,2020-07-29 17:38:39.152129,,,,
Twitter,2,51.5,2,2020-07-31 13:31:27.990910,,,,
Facebook,2,51.5,1,2020-08-04 07:30:29.938806,,,,
Google,1,51.5,2,2020-08-04 16:48:54.914377,,,,
Instagram,1,51.5,1,2020-08-05 13:04:05.692639,,,,
Twitter,2,51.5,2,2020-08-05 14:14:01.082540,,,,
Facebook,3,51.5,1,2020-08-05 15:38:03.827279,,,,
Google,1,51.5,2,2020-08-06 14:00:32.325823,,,,
Instagram,3,51.5,1,2020-08-06 20:52:56.651375,,,,
Twitter,100,51.4,2,2020-08-07 22:08:06.819310,,,,
Facebook,40,51.45,1,2020-08-08 05:21:03.479874,,,,
Google,30,51.45,2,2020-08-08 05:39:42.306255,,,,
Instagram,4,51.5,1,2020-08-08 10:01:04.941286,,,,
Twitter,1,51.5,2,2020-08-08 15:30:09.703694,,,,
Facebook,5,51.5,1,2020-08-09 12:01:37.402312,,,,
Google,2,51.5,2,2020-08-09 15:36:17.634468,,,,
Instagram,3,51.5,1,2020-08-10 17:25:38.701910,,,,
Twitter,12,51.45,2,2020-08-11 03:27:41.984954,,,,
Facebook,4,55.5,1,2020-08-11 19:29:26.012900,,,,
Google,100,55.4,2,2020-08-12 21:27:34.144390,,,,
Instagram,1,55.5,1,2020-08-16 09:53:22.381939,,,,
Twitter,1,55.5,2,2020-08-18 19:37:19.386431,,,,
Facebook,5,55.5,1,2020-08-21 09:28:20.831075,,,,
Google,1,55.5,2,2020-08-22 10:39:42.889914,,,,
Instagram,4,55.5,1,2020-08-22 16:15:07.418875,,,,
Twitter,2,55.5,2,2020-08-25 10:59:34.212806,,,,
Facebook,1,55.5,1,2020-08-25 11:27:03.076948,,,,
Google,1,55.5,2,2020-08-25 12:27:59.363345,,,,
Instagram,100,55.4,1,2020-08-25 16:59:42.151905,,,,
Twitter,1,56,2,2020-08-27 07:15:25.526952,,,,
Facebook,1,56,1,2020-08-27 07:35:34.387265,,,,
Google,3,56,2,2020-08-27 18:09:33.629932,,,,
Instagram,1,56,1,2020-08-28 15:39:29.037427,,,,
Twitter,1,56,2,2020-08-28 17:35:33.708780,,,,
Facebook,2,56,1,2020-08-29 10:03:26.120412,,,,
Google,1,56,2,2020-08-29 13:37:10.074617,,,,
Instagram,1,56,1,2020-08-29 13:40:40.030971,,,,
Twitter,1,56,2,2020-08-30 10:20:45.909456,,,,
Facebook,4,56,1,2020-08-31 14:27:04.309648,,,,
Google,85,56,2,2020-08-31 20:16:18.783080,,,,
Instagram,10,58.25,1,2020-10-09 03:30:04.841670,,,,
Twitter,4,58.35,2,2020-10-09 12:59:08.810787,,,,
Facebook,20,58.25,1,2020-10-09 19:51:51.953420,,,,
Google,3,58.35,2,2020-10-09 22:45:57.034328,,,,
Instagram,16,58.25,1,2020-10-10 04:22:02.027979,,,,
Twitter,1,58.35,2,2020-10-10 13:03:22.133212,,,,
Facebook,3,58.35,1,2020-10-11 10:33:56.650170,,,,
Google,3,58.35,2,2020-10-12 09:28:00.160397,,,,
Instagram,10,58.25,1,2020-10-12 10:10:03.646875,,,,
Twitter,2,58.35,2,2020-10-12 21:52:31.334502,,,,
Facebook,2,58.35,1,2020-10-13 08:38:19.146468,,,,
Google,2,58.35,2,2020-10-14 21:48:51.329107,,,,
Instagram,20,58.25,1,2020-10-15 03:40:51.187328,,,,
Twitter,10,58.25,2,2020-10-15 08:44:15.967055,,,,
Facebook,10,58.25,1,2020-10-19 16:15:31.392700,,,,
Google,20,58.25,2,2020-10-21 02:20:46.993632,,,,
Instagram,2,58.35,1,2020-10-21 22:19:04.061487,,,,
Twitter,4,58.35,2,2020-10-24 03:06:52.404917,,,,
Facebook,1,58.35,1,2020-10-25 12:34:50.090319,,,,
Google,100,58,2,2020-10-26 20:20:32.692665,,,,
Instagram,3,58.35,1,2020-10-27 16:03:23.611093,,,,
Twitter,20,58.25,2,2020-10-28 02:26:05.362746,,,,
Facebook,1,58.35,1,2020-10-28 12:37:57.163179,,,,
Google,4,58.35,2,2020-10-28 18:17:49.826404,,,,
Instagram,3,58.35,1,2020-10-28 23:51:14.359678,,,,
Twitter,1,58.35,2,2020-10-29 05:33:00.966323,,,,
Facebook,2,58.35,1,2020-10-30 09:14:57.915131,,,,
Google,3,58.35,2,2020-10-30 14:59:47.131956,,,,
Instagram,2,58.35,1,2020-10-31 09:10:39.600560,,,,
Twitter,1,58.35,2,2020-10-31 10:20:59.844961,,,,
Facebook,20,58.25,1,2020-11-01 08:56:41.904906,,,,
Google,3,58.35,2,2020-11-01 16:32:56.331688,,,,
Instagram,2,58.35,1,2020-11-02 09:32:55.793232,,,,
Twitter,2,58.35,2,2020-11-02 14:24:33.831110,,,,
Facebook,50,58,1,2020-11-03 02:23:52.781980,,,,
Google,10,58.25,2,2020-11-03 09:08:59.108264,,,,
Instagram,7,30.75,1,2019-07-04 15:59:38.411922,,,,
Twitter,3,30.75,2,2019-07-08 19:39:33.041926,,,,
Facebook,1,27,1,2019-11-01 13:58:22.333024,,,,
Google,30,26.95,2,2019-11-04 19:25:47.931394,,,,
Instagram,15,26.95,1,2019-11-08 15:00:55.689993,,,,
Twitter,1,27,2,2019-11-21 09:26:45.055541,,,,
Facebook,20,26.95,1,2019-11-26 22:20:38.706614,,,,
Google,30,26.95,2,2019-11-27 15:35:37.242426,,,,
Instagram,30,26.95,1,2019-12-03 20:06:21.368458,,,,
Twitter,20,26.95,2,2019-12-11 19:04:28.497482,,,,
Facebook,10,26.95,1,2019-12-20 19:40:03.374551,,,,
Google,10,26.95,2,2019-12-23 18:28:20.142836,,,,
Instagram,1,27,1,2019-12-24 09:51:17.106064,,,,
Twitter,1,27,2,2019-12-26 09:13:00.541973,,,,
Facebook,1,27,1,2019-12-31 12:26:16.254797,,,,
Google,1,27,2,2020-01-01 09:25:52.693063,,,,
Instagram,1,27.45,1,2020-01-07 08:11:50.646552,,,,
Twitter,3,27.45,2,2020-01-07 20:21:17.500657,,,,
Facebook,1,27.45,1,2020-01-08 10:28:26.939795,,,,
Google,1,27.45,2,2020-01-08 12:46:09.883247,,,,
Instagram,2,27.45,1,2020-01-15 18:57:54.598991,,,,
Twitter,10,27.39,2,2020-01-19 02:56:51.314275,,,,
Facebook,20,27.39,1,2020-01-21 19:38:54.078763,,,,
Google,20,27.39,2,2020-01-23 20:03:36.291402,,,,
Instagram,10,27.39,1,2020-01-29 21:14:34.676800,,,,
Twitter,20,27.39,2,2020-02-05 18:45:45.846655,,,,
Facebook,50,27.35,1,2020-02-08 19:52:19.168962,,,,
Google,1,27.45,2,2020-02-13 21:28:26.556087,,,,
Instagram,2,27.45,1,2020-02-16 20:46:32.922914,,,,
Twitter,6,27.39,2,2020-02-19 21:41:00.366983,,,,
Facebook,1,27.45,1,2020-02-23 12:25:11.201333,,,,
Google,20,27.39,2,2020-03-03 18:37:45.844057,,,,
Instagram,2,27.45,1,2020-03-08 09:51:40.663880,,,,
Twitter,30,27.39,2,2020-03-10 18:23:02.091143,,,,
Facebook,6,27.39,1,2020-03-10 20:26:01.339702,,,,
Google,1,27.45,2,2020-03-15 17:04:17.710689,,,,
Instagram,4,27.45,1,2020-03-21 16:19:01.131750,,,,
Twitter,10,27.39,2,2020-03-22 09:54:06.758498,,,,
Facebook,1,27.45,1,2020-03-25 12:43:23.042186,,,,
Google,50,27.35,2,2020-03-29 20:04:02.216630,,,,
Instagram,1,27.45,1,2020-03-31 16:06:59.760572,,,,
Twitter,10,27.39,2,2020-04-02 15:07:31.090961,,,,
Facebook,1,27.45,1,2020-04-03 08:39:22.967672,,,,
Google,23,27.39,2,2020-04-03 19:16:19.567043,,,,
Instagram,5,27.45,1,2020-04-05 15:22:27.349699,,,,
Twitter,100,27.35,2,2020-04-05 22:07:06.494720,,,,
Facebook,1,27.45,1,2020-04-07 22:58:22.238891,,,,
Google,1,27.45,2,2020-04-08 17:54:17.533018,,,,
Instagram,1,27.45,1,2020-04-11 16:40:22.980619,,,,
Twitter,10,27.39,2,2020-04-12 15:18:41.454432,,,,
Facebook,100,27.35,1,2020-04-20 19:45:42.134737,,,,
Google,6,27.39,2,2020-04-27 04:44:58.010753,,,,
Instagram,6,27.39,1,2020-05-02 18:12:53.331674,,,,
Twitter,100,27.35,2,2020-05-02 19:18:30.449019,,,,
Facebook,5,27.45,1,2020-05-04 15:29:40.486475,,,,
Google,5,27.45,2,2020-05-05 22:31:41.505526,,,,
Instagram,6,27.39,1,2020-05-07 16:17:14.412012,,,,
Twitter,20,27.39,2,2020-05-10 22:58:10.637993,,,,
Facebook,6,27.39,1,2020-05-15 17:04:43.981621,,,,
Google,100,27.35,2,2020-05-21 22:44:17.155152,,,,
Instagram,10,27.39,1,2020-05-23 16:56:24.021857,,,,
Twitter,6,27.39,2,2020-05-24 19:00:43.357949,,,,
Facebook,6,27.39,1,2020-05-29 23:33:51.813301,,,,
Google,6,27.39,2,2020-05-30 11:22:59.362810,,,,
Instagram,75,27.35,1,2020-06-05 20:39:18.800338,,,,
Twitter,6,27.39,2,2020-06-09 19:07:28.283743,,,,
Facebook,1,27.45,1,2020-06-11 15:10:20.115193,,,,
Google,1,27.45,2,2020-06-12 15:34:20.862823,,,,
Instagram,50,27.35,1,2020-06-15 20:02:07.146512,,,,
Twitter,5,27.45,2,2020-06-20 19:14:10.139496,,,,
Facebook,100,26.15,1,2020-06-24 19:33:17.731103,,,,
Google,6,26.2,2,2020-06-27 11:28:45.101711,,,,
Instagram,50,26.15,1,2020-07-06 22:28:57.373067,,,,
Twitter,6,26.2,2,2020-07-07 07:43:28.495776,,,,
Facebook,6,26.2,1,2020-07-16 20:58:27.762453,,,,
Google,1,26.25,2,2020-07-17 07:09:16.556649,,,,
Instagram,5,26.25,1,2020-07-19 22:49:37.585545,,,,
Twitter,50,26.15,2,2020-07-23 23:11:34.598201,,,,
Facebook,1,26.25,1,2020-07-25 15:00:47.519187,,,,
Google,1,26.25,2,2020-07-27 13:10:45.017260,,,,
Instagram,1,26.25,1,2020-08-02 12:41:09.956322,,,,
Twitter,1,26.25,2,2020-08-02 17:11:17.385255,,,,
Facebook,1,26.25,1,2020-08-03 20:06:05.650254,,,,
Google,1,26.25,2,2020-08-04 12:01:00.662891,,,,
Instagram,100,26.15,1,2020-08-07 22:09:57.281144,,,,
Twitter,20,26.2,2,2020-08-09 12:00:03.810970,,,,
Facebook,1,28.95,1,2020-08-14 12:41:40.356306,,,,
Google,1,28.95,2,2020-08-19 11:10:45.099499,,,,
Instagram,10,28.9,1,2020-08-20 16:10:55.423212,,,,
Twitter,100,28.9,2,2020-08-25 16:59:02.958930,,,,
Facebook,6,28.9,1,2020-08-27 19:39:07.154657,,,,
Google,1,28.95,2,2020-08-28 15:21:50.424241,,,,
Instagram,1,28.95,1,2020-08-29 10:03:34.722849,,,,
Twitter,3,28.95,2,2020-08-30 12:40:15.463720,,,,
Facebook,1,28.95,1,2020-08-30 12:58:36.792416,,,,
Google,55,28.9,2,2020-08-31 20:16:40.970699,,,,
Instagram,1,31.99,1,2020-09-04 11:34:47.562959,,,,
Twitter,20,31.95,2,2020-09-04 20:39:23.784372,,,,
Facebook,2,31.99,1,2020-09-05 08:36:50.397456,,,,
Google,10,31.95,2,2020-09-13 18:12:14.704373,,,,
Instagram,1,31.99,1,2020-09-14 13:29:11.385670,,,,
Twitter,1,31.99,2,2020-09-14 14:03:57.068939,,,,
Facebook,50,31.9,1,2020-09-19 01:56:45.548009,,,,
Google,8,31.95,2,2020-09-19 11:22:46.304197,,,,
Instagram,5,31.99,1,2020-09-22 16:04:42.202456,,,,
Twitter,5,31.99,2,2020-09-25 15:13:36.454498,,,,
Facebook,100,31.9,1,2020-09-25 16:21:54.858957,,,,
Google,5,31.99,2,2020-09-29 18:50:59.905698,,,,
Instagram,5,31.99,1,2020-10-01 08:21:21.365717,,,,
Twitter,20,31.95,2,2020-10-05 22:05:29.753372,,,,
Facebook,1,31.99,1,2020-10-08 07:45:33.653268,,,,
Google,5,31.99,2,2020-10-09 22:45:18.744645,,,,
Instagram,6,31.95,1,2020-10-10 05:39:06.637242,,,,
Twitter,10,31.95,2,2020-10-11 23:41:31.330507,,,,
Facebook,20,31.95,1,2020-10-15 17:59:28.345626,,,,
Google,10,31.95,2,2020-10-19 16:14:20.469372,,,,
Instagram,100,31.9,1,2020-10-26 20:21:45.359234,,,,
Twitter,1,31.99,2,2020-10-28 13:32:00.265050,,,,
Facebook,10,24.35,1,2019-07-02 00:35:40.354160,,,,
Google,20,24.35,2,2019-07-03 15:19:54.955582,,,,
Instagram,9,24.4,1,2019-07-03 20:13:42.361416,,,,
Twitter,15,24.35,2,2019-07-03 21:58:44.547460,,,,
Facebook,25,24.35,1,2019-07-04 00:42:03.069263,,,,
Google,10,24.35,2,2019-07-04 20:31:17.086934,,,,
Instagram,3,24.4,1,2019-07-04 21:07:55.196748,,,,
Twitter,10,24.35,2,2019-07-06 02:21:28.534978,,,,
Facebook,10,24.35,1,2019-07-08 12:31:08.051526,,,,
Google,20,24.35,2,2019-07-08 16:18:30.946703,,,,
Instagram,3,24.4,1,2019-07-08 16:26:43.440572,,,,
Twitter,15,24.35,2,2019-07-09 03:39:10.654374,,,,
Facebook,50,24.3,1,2019-07-09 19:26:40.159214,,,,
Google,10,24.35,2,2019-07-10 11:23:19.133034,,,,
Instagram,16,24.35,1,2019-07-12 14:06:53.555512,,,,
Twitter,4,24.4,2,2019-07-13 21:14:00.583771,,,,
Facebook,16,24.35,1,2019-07-14 21:06:07.480820,,,,
Google,20,24.35,2,2019-07-16 21:14:27.362131,,,,
Instagram,10,24.35,1,2019-07-16 22:36:43.105862,,,,
Twitter,3,24.4,2,2019-07-17 16:06:44.606965,,,,
Facebook,4,24.4,1,2019-07-17 19:41:23.090600,,,,
Google,3,24.4,2,2019-07-17 19:59:42.564889,,,,
Instagram,20,24.35,1,2019-07-17 22:50:31.093343,,,,
Twitter,25,24.35,2,2019-07-18 22:16:56.954411,,,,
Facebook,11,24.35,1,2019-07-19 21:57:38.753039,,,,
Google,20,24.35,2,2019-07-19 22:09:02.412663,,,,
Instagram,12,24.35,1,2019-07-19 23:03:28.137159,,,,
Twitter,25,24.35,2,2019-07-20 10:50:33.638397,,,,
Facebook,10,24.35,1,2019-07-22 03:19:44.461015,,,,
Google,10,24.35,2,2019-07-23 10:51:16.907759,,,,
Instagram,5,24.4,1,2019-07-23 16:06:06.202139,,,,
Twitter,30,24.35,2,2019-07-23 19:13:06.569484,,,,
Facebook,10,24.35,1,2019-07-24 14:56:24.387295,,,,
Google,30,24.35,2,2019-07-25 15:41:34.078188,,,,
Instagram,3,24.4,1,2019-07-26 13:10:11.387143,,,,
Twitter,3,24.4,2,2019-07-27 17:52:06.207678,,,,
Facebook,10,24.35,1,2019-07-29 02:20:59.190121,,,,
Google,20,24.35,2,2019-07-29 11:19:53.394568,,,,
Instagram,25,24.35,1,2019-07-30 19:00:58.682382,,,,
Twitter,3,24.4,2,2019-07-30 20:03:19.397526,,,,
Facebook,20,24.35,1,2019-07-30 20:28:33.026763,,,,
Google,25,24.35,2,2019-07-31 13:26:29.145855,,,,
Instagram,10,24.35,1,2019-07-31 17:06:42.803929,,,,
Twitter,30,24.35,2,2019-08-01 01:35:07.336408,,,,
Facebook,6,24.4,1,2019-08-01 15:16:49.885764,,,,
Google,30,24.35,2,2019-08-02 21:37:54.910552,,,,
Instagram,3,24.4,1,2019-08-06 15:06:52.137488,,,,
Twitter,3,24.4,2,2019-08-06 16:49:34.647704,,,,
Facebook,10,24.35,1,2019-08-06 17:38:35.982951,,,,
Google,3,24.4,2,2019-08-07 11:01:04.752024,,,,
Instagram,3,24.4,1,2019-08-08 06:55:30.695967,,,,
Twitter,10,24.35,2,2019-08-08 15:13:50.552416,,,,
Facebook,15,24.35,1,2019-08-08 18:26:57.154102,,,,
Google,6,24.4,2,2019-08-09 18:52:16.787103,,,,
Instagram,10,24.35,1,2019-08-11 07:09:50.642213,,,,
Twitter,20,24.35,2,2019-08-12 20:32:03.021854,,,,
Facebook,4,24.4,1,2019-08-13 15:04:54.219276,,,,
Google,3,24.4,2,2019-08-14 15:30:33.910827,,,,
Instagram,3,24.4,1,2019-08-15 18:01:57.931545,,,,
Twitter,3,24.4,2,2019-08-15 19:13:29.133462,,,,
Facebook,3,24.4,1,2019-08-16 03:14:48.741658,,,,
Google,3,24.4,2,2019-08-16 13:33:44.681178,,,,
Instagram,30,24.35,1,2019-08-16 15:03:19.173526,,,,
Twitter,10,24.35,2,2019-08-16 19:52:49.347858,,,,
Facebook,25,24.35,1,2019-08-16 20:54:07.016780,,,,
Google,3,24.4,2,2019-08-17 01:36:42.268098,,,,
Instagram,4,24.4,1,2019-08-19 16:48:01.394423,,,,
Twitter,30,24.35,2,2019-08-19 21:55:45.293040,,,,
Facebook,3,24.4,1,2019-08-20 11:08:29.054853,,,,
Google,3,24.4,2,2019-08-20 20:39:11.330243,,,,
Instagram,10,24.35,1,2019-08-21 09:55:06.064282,,,,
Twitter,7,24.4,2,2019-08-22 16:12:15.471212,,,,
Facebook,20,24.35,1,2019-08-23 06:49:39.720366,,,,
Google,50,24.3,2,2019-08-23 17:18:39.233946,,,,
Instagram,6,24.4,1,2019-08-24 10:24:31.496573,,,,
Twitter,3,24.4,2,2019-08-24 10:58:24.969271,,,,
Facebook,10,24.35,1,2019-08-24 13:47:44.046897,,,,
Google,4,24.4,2,2019-08-26 05:09:39.454315,,,,
Instagram,3,24.4,1,2019-08-26 23:34:16.477362,,,,
Twitter,20,24.35,2,2019-08-27 10:45:58.582912,,,,
Facebook,3,24.4,1,2019-08-27 20:54:50.572638,,,,
Google,15,24.35,2,2019-08-28 20:25:44.347090,,,,
Instagram,10,24.35,1,2019-08-30 15:46:21.810695,,,,
Twitter,3,24.4,2,2019-08-31 12:11:34.326335,,,,
Facebook,3,24.4,1,2019-08-31 15:08:32.893073,,,,
Google,3,24.4,2,2019-08-31 23:13:47.971695,,,,
Instagram,30,24.35,1,2019-09-03 02:52:27.969070,,,,
Twitter,5,24.4,2,2019-09-03 19:59:06.467273,,,,
Facebook,5,24.4,1,2019-09-04 14:35:53.390609,,,,
Google,3,24.4,2,2019-09-04 15:48:30.736185,,,,
Instagram,30,24.35,1,2019-09-04 16:56:58.770469,,,,
Twitter,10,24.35,2,2019-09-05 15:43:08.805712,,,,
Facebook,3,24.4,1,2019-09-05 17:22:02.614682,,,,
Google,10,24.35,2,2019-09-05 18:16:42.241097,,,,
Instagram,20,24.35,1,2019-09-06 20:10:00.371747,,,,
Twitter,10,24.35,2,2019-09-07 12:24:31.470390,,,,
Facebook,30,24.35,1,2019-09-07 16:25:58.798831,,,,
Google,4,24.4,2,2019-09-07 22:38:25.492187,,,,
Instagram,3,24.4,1,2019-09-08 08:21:11.929991,,,,
Twitter,3,24.4,2,2019-09-09 18:54:44.101451,,,,
Facebook,30,24.35,1,2019-09-10 20:34:18.304470,,,,
Google,3,24.4,2,2019-09-11 21:17:50.735738,,,,
Instagram,10,24.35,1,2019-09-11 21:34:20.731604,,,,
Twitter,3,24.4,2,2019-09-11 23:29:33.009275,,,,
Facebook,3,24.4,1,2019-09-12 15:34:54.333136,,,,
Google,4,24.4,2,2019-09-12 17:40:08.339441,,,,
Instagram,3,24.4,1,2019-09-14 08:02:28.858044,,,,
Twitter,3,24.4,2,2019-09-14 10:32:31.753701,,,,
Facebook,5,24.4,1,2019-09-14 16:07:40.567941,,,,
Google,11,24.35,2,2019-09-14 17:05:29.279675,,,,
Instagram,30,24.35,1,2019-09-14 18:21:37.165981,,,,
Twitter,16,24.35,2,2019-09-14 20:16:25.641846,,,,
Facebook,3,24.4,1,2019-09-15 14:57:55.757348,,,,
Google,50,24.3,2,2019-09-15 18:09:45.995068,,,,
Instagram,5,24.4,1,2019-09-15 19:10:58.391887,,,,
Twitter,10,24.35,2,2019-09-16 18:42:29.000433,,,,
Facebook,3,24.4,1,2019-09-16 23:29:29.601822,,,,
Google,30,24.35,2,2019-09-17 02:52:32.361019,,,,
Instagram,3,24.4,1,2019-09-17 18:56:55.476222,,,,
Twitter,16,24.35,2,2019-09-17 21:19:48.072431,,,,
Facebook,4,24.4,1,2019-09-18 21:45:42.158218,,,,
Google,4,24.4,2,2019-09-18 22:09:55.461633,,,,
Instagram,10,24.35,1,2019-09-19 02:33:15.402770,,,,
Twitter,3,24.4,2,2019-09-19 15:00:51.681743,,,,
Facebook,10,24.35,1,2019-09-19 19:07:16.038280,,,,
Google,3,24.4,2,2019-09-20 13:32:09.588538,,,,
Instagram,20,24.35,1,2019-09-20 17:23:57.905280,,,,
Twitter,5,24.4,2,2019-09-22 22:25:30.841302,,,,
Facebook,5,24.4,1,2019-09-22 23:44:51.499891,,,,
Google,20,24.35,2,2019-09-23 13:30:34.456812,,,,
Instagram,30,24.35,1,2019-09-23 18:47:54.102660,,,,
Twitter,3,24.4,2,2019-09-26 07:01:40.169934,,,,
Facebook,20,24.35,1,2019-09-26 15:33:56.548474,,,,
Google,4,24.4,2,2019-09-26 15:48:43.676914,,,,
Instagram,4,24.4,1,2019-09-26 20:21:02.795132,,,,
Twitter,6,24.4,2,2019-09-26 20:36:30.272172,,,,
Facebook,25,24.35,1,2019-09-27 17:15:04.607445,,,,
Google,3,24.4,2,2019-09-28 16:58:48.656430,,,,
Instagram,3,24.4,1,2019-09-29 14:27:16.720028,,,,
Twitter,3,24.4,2,2019-09-29 19:10:56.203999,,,,
Facebook,3,24.4,1,2019-09-30 13:22:55.607206,,,,
Google,4,24.4,2,2019-10-01 00:58:51.564736,,,,
Instagram,10,24.35,1,2019-10-01 05:28:15.927923,,,,
Twitter,3,24.4,2,2019-10-01 13:07:05.831183,,,,
Facebook,30,24.35,1,2019-10-01 16:37:29.072428,,,,
Google,4,24.4,2,2019-10-01 17:42:56.478538,,,,
Instagram,10,24.35,1,2019-10-02 14:20:13.936578,,,,
Twitter,10,24.35,2,2019-10-02 19:13:10.864502,,,,
Facebook,3,24.4,1,2019-10-03 16:48:10.792770,,,,
Google,4,24.4,2,2019-10-04 17:15:57.034858,,,,
Instagram,11,24.35,1,2019-10-04 17:21:45.311712,,,,
Twitter,20,24.35,2,2019-10-05 00:05:30.124741,,,,
Facebook,3,24.4,1,2019-10-05 15:23:26.440259,,,,
Google,4,24.4,2,2019-10-06 09:54:55.216497,,,,
Instagram,10,24.35,1,2019-10-06 14:29:18.027125,,,,
Twitter,3,24.4,2,2019-10-06 16:49:26.240632,,,,
Facebook,1,24.4,1,2019-10-07 16:23:43.372433,,,,
Google,1,24.4,2,2019-10-07 20:28:14.557875,,,,
Instagram,20,24.35,1,2019-10-08 20:55:56.375845,,,,
Twitter,5,24.4,2,2019-10-09 00:11:56.097667,,,,
Facebook,3,24.4,1,2019-10-09 00:50:55.665657,,,,
Google,30,24.35,2,2019-10-09 18:02:02.611403,,,,
Instagram,1,24.4,1,2019-10-09 21:57:13.349368,,,,
Twitter,2,24.4,2,2019-10-10 14:45:57.483888,,,,
Facebook,4,24.4,1,2019-10-10 14:49:19.285054,,,,
Google,10,24.35,2,2019-10-10 17:37:33.186585,,,,
Instagram,20,24.35,1,2019-10-11 14:14:59.247247,,,,
Twitter,2,24.4,2,2019-10-11 15:50:59.926459,,,,
Facebook,10,24.35,1,2019-10-11 16:32:00.304393,,,,
Google,20,24.35,2,2019-10-11 20:48:09.775939,,,,
Instagram,1,24.4,1,2019-10-12 04:16:21.622468,,,,
Twitter,2,24.4,2,2019-10-12 15:01:02.477181,,,,
Facebook,7,24.4,1,2019-10-13 15:46:26.529991,,,,
Google,6,24.4,2,2019-10-13 15:51:51.546357,,,,
Instagram,15,24.35,1,2019-10-15 07:20:29.223044,,,,
Twitter,4,24.4,2,2019-10-15 13:59:21.127489,,,,
Facebook,20,24.35,1,2019-10-15 15:39:44.019312,,,,
Google,10,24.35,2,2019-10-15 17:22:13.527112,,,,
Instagram,1,24.4,1,2019-10-16 15:59:44.194475,,,,
Twitter,1,24.4,2,2019-10-17 15:37:52.096877,,,,
Facebook,10,24.35,1,2019-10-18 01:07:02.528180,,,,
Google,1,24.4,2,2019-10-18 17:46:12.468443,,,,
Instagram,25,24.35,1,2019-10-18 21:23:32.295982,,,,
Twitter,30,24.35,2,2019-10-19 03:12:58.011125,,,,
Facebook,4,24.4,1,2019-10-19 14:11:03.844320,,,,
Google,10,24.35,2,2019-10-19 20:27:36.284121,,,,
Instagram,40,24.35,1,2019-10-20 02:43:21.966307,,,,
Twitter,3,24.4,2,2019-10-21 18:32:08.799869,,,,
Facebook,50,24.3,1,2019-10-21 21:50:13.862604,,,,
Google,5,24.4,2,2019-10-22 00:40:16.012736,,,,
Instagram,1,24.4,1,2019-10-22 18:37:19.931676,,,,
Twitter,4,24.4,2,2019-10-23 03:52:32.104883,,,,
Facebook,5,24.4,1,2019-10-23 08:58:30.377977,,,,
Google,3,24.4,2,2019-10-23 20:46:49.547669,,,,
Instagram,3,24.4,1,2019-10-24 18:01:40.495776,,,,
Twitter,30,24.35,2,2019-10-24 21:28:50.697666,,,,
Facebook,50,24.3,1,2019-10-25 00:39:11.143034,,,,
Google,2,24.4,2,2019-10-25 09:00:33.623836,,,,
Instagram,4,24.4,1,2019-10-26 18:16:29.306483,,,,
Twitter,30,24.35,2,2019-10-26 21:38:06.968876,,,,
Facebook,1,24.4,1,2019-10-27 06:24:04.204116,,,,
Google,25,24.35,2,2019-10-27 11:28:32.519462,,,,
Instagram,4,24.4,1,2019-10-27 16:59:28.198574,,,,
Twitter,2,24.4,2,2019-10-28 15:11:58.668159,,,,
Facebook,6,24.4,1,2019-10-28 19:51:28.421239,,,,
Google,100,24.3,2,2019-10-28 22:06:51.727591,,,,
Instagram,40,24.35,1,2019-10-28 23:05:35.979668,,,,
Twitter,2,24.4,2,2019-10-29 16:37:44.712129,,,,
Facebook,50,24.3,1,2019-10-29 16:46:05.855278,,,,
Google,4,24.4,2,2019-10-29 21:13:57.181549,,,,
Instagram,4,24.4,1,2019-10-31 08:44:40.202237,,,,
Twitter,10,24.35,2,2019-10-31 19:39:12.097796,,,,
Facebook,30,24.35,1,2019-10-31 22:48:45.205252,,,,
Google,20,24.35,2,2019-10-31 23:11:51.327693,,,,
Instagram,1,24.4,1,2019-11-01 19:29:24.714626,,,,
Twitter,3,24.4,2,2019-11-01 21:34:34.407303,,,,
Facebook,20,24.35,1,2019-11-01 22:06:36.536553,,,,
Google,1,24.4,2,2019-11-02 14:37:16.309884,,,,
Instagram,20,24.35,1,2019-11-02 18:32:36.065455,,,,
Twitter,2,24.4,2,2019-11-03 16:25:23.880993,,,,
Facebook,4,24.4,1,2019-11-04 09:32:43.485313,,,,
Google,3,24.4,2,2019-11-04 18:26:15.607768,,,,
Instagram,10,24.35,1,2019-11-04 18:57:51.106455,,,,
Twitter,30,24.35,2,2019-11-04 19:26:41.257541,,,,
Facebook,4,24.4,1,2019-11-04 23:46:49.579861,,,,
Google,50,24.3,2,2019-11-05 17:01:20.107466,,,,
Instagram,30,24.35,1,2019-11-05 23:52:57.737779,,,,
Twitter,1,24.4,2,2019-11-06 13:31:03.197783,,,,
Facebook,1,24.4,1,2019-11-06 15:09:01.629735,,,,
Google,10,24.35,2,2019-11-06 21:29:09.345307,,,,
Instagram,2,24.4,1,2019-11-06 22:27:15.835720,,,,
Twitter,4,24.4,2,2019-11-07 22:02:02.489802,,,,
Facebook,3,24.4,1,2019-11-08 18:21:06.655064,,,,
Google,10,24.35,2,2019-11-08 22:09:33.199312,,,,
Instagram,20,24.35,1,2019-11-08 22:20:33.754823,,,,
Twitter,30,24.35,2,2019-11-08 23:23:49.703596,,,,
Facebook,2,24.4,1,2019-11-08 23:46:58.541045,,,,
Google,10,24.35,2,2019-11-09 07:56:34.215472,,,,
Instagram,1,24.4,1,2019-11-09 19:49:11.192533,,,,
Twitter,20,24.35,2,2019-11-09 21:55:58.669326,,,,
Facebook,1,24.4,1,2019-11-11 22:19:27.835713,,,,
Google,4,24.4,2,2019-11-12 06:46:01.101370,,,,
Instagram,30,24.35,1,2019-11-12 15:28:11.811700,,,,
Twitter,1,24.4,2,2019-11-12 15:30:33.329828,,,,
Facebook,10,24.35,1,2019-11-13 16:23:14.376924,,,,
Google,1,24.4,2,2019-11-13 20:29:54.555373,,,,
Instagram,1,24.4,1,2019-11-14 19:53:30.772341,,,,
Twitter,10,24.35,2,2019-11-14 21:49:33.118933,,,,
Facebook,2,24.4,1,2019-11-15 20:33:15.393592,,,,
Google,30,24.35,2,2019-11-16 00:37:22.389881,,,,
Instagram,2,24.4,1,2019-11-16 02:06:53.204462,,,,
Twitter,1,24.4,2,2019-11-16 09:52:44.019154,,,,
Facebook,3,24.4,1,2019-11-16 23:03:16.387561,,,,
Google,13,24.35,2,2019-11-17 11:24:49.530106,,,,
Instagram,1,24.4,1,2019-11-17 14:26:24.228428,,,,
Twitter,2,24.4,2,2019-11-17 16:58:09.315160,,,,
Facebook,4,24.4,1,2019-11-17 20:04:30.785019,,,,
Google,1,24.4,2,2019-11-18 17:50:40.335372,,,,
Instagram,5,24.4,1,2019-11-20 02:50:55.868927,,,,
Twitter,1,24.4,2,2019-11-20 18:21:42.313911,,,,
Facebook,30,24.35,1,2019-11-21 18:37:15.853192,,,,
Google,1,24.4,2,2019-11-22 12:57:14.864948,,,,
Instagram,1,24.4,1,2019-11-22 20:24:57.042010,,,,
Twitter,2,24.4,2,2019-11-23 13:04:57.379075,,,,
Facebook,4,24.4,1,2019-11-23 22:42:06.905712,,,,
Google,10,24.35,2,2019-11-24 15:59:38.174914,,,,
Instagram,30,24.35,1,2019-11-25 17:03:00.349819,,,,
Twitter,30,24.35,2,2019-11-25 23:43:30.554999,,,,
Facebook,10,24.35,1,2019-11-26 10:57:40.521657,,,,
Google,2,24.4,2,2019-11-26 21:04:46.361139,,,,
Instagram,1,24.4,1,2019-11-27 18:10:37.725697,,,,
Twitter,1,24.4,2,2019-11-28 10:55:22.611736,,,,
Facebook,1,24.4,1,2019-11-28 14:11:48.512332,,,,
Google,2,24.4,2,2019-11-28 15:13:31.715707,,,,
Instagram,4,24.4,1,2019-11-28 17:06:09.802296,,,,
Twitter,1,24.4,2,2019-11-28 17:48:25.272767,,,,
Facebook,10,24.35,1,2019-11-28 20:20:07.504853,,,,
Google,23,24.35,2,2019-11-28 21:37:30.767011,,,,
Instagram,5,24.4,1,2019-11-28 22:06:55.948143,,,,
Twitter,10,24.35,2,2019-11-29 16:21:17.742254,,,,
Facebook,40,24.35,1,2019-11-29 17:13:41.879521,,,,
Google,3,24.4,2,2019-11-29 19:20:28.808840,,,,
Instagram,1,24.4,1,2019-11-29 21:10:17.988893,,,,
Twitter,1,24.4,2,2019-11-29 21:18:35.667097,,,,
Facebook,10,24.35,1,2019-11-29 22:33:44.023315,,,,
Google,1,24.4,2,2019-11-29 22:34:18.810951,,,,
Instagram,1,24.4,1,2019-11-30 15:23:27.086407,,,,
Twitter,1,24.4,2,2019-11-30 15:23:51.628738,,,,
Facebook,1,24.4,1,2019-11-30 17:44:05.854528,,,,
Google,3,24.4,2,2019-11-30 20:36:15.543871,,,,
Instagram,4,24.4,1,2019-12-01 11:04:06.790731,,,,
Twitter,1,24.4,2,2019-12-01 13:05:48.196299,,,,
Facebook,1,24.4,1,2019-12-01 17:14:42.714873,,,,
Google,2,24.4,2,2019-12-02 09:34:24.046920,,,,
Instagram,10,24.35,1,2019-12-02 19:30:26.662393,,,,
Twitter,20,24.35,2,2019-12-03 20:37:22.705363,,,,
Facebook,2,24.4,1,2019-12-04 14:25:24.830082,,,,
Google,10,24.35,2,2019-12-04 18:42:06.446351,,,,
Instagram,10,24.35,1,2019-12-05 18:59:03.026986,,,,
Twitter,1,24.4,2,2019-12-06 14:43:27.517984,,,,
Facebook,1,24.4,1,2019-12-06 14:45:46.737406,,,,
Google,40,24.35,2,2019-12-06 18:42:10.067223,,,,
Instagram,10,24.35,1,2019-12-07 01:13:43.047567,,,,
Twitter,2,24.4,2,2019-12-07 16:25:19.835440,,,,
Facebook,2,24.4,1,2019-12-07 17:07:41.499042,,,,
Google,5,24.4,2,2019-12-07 20:59:17.668902,,,,
Instagram,1,24.4,1,2019-12-08 10:09:51.950351,,,,
Twitter,20,24.35,2,2019-12-08 21:49:36.376199,,,,
Facebook,1,24.4,1,2019-12-09 10:36:16.541545,,,,
Google,4,24.4,2,2019-12-09 12:20:36.076230,,,,
Instagram,40,24.35,1,2019-12-09 15:19:28.556556,,,,
Twitter,1,24.4,2,2019-12-10 11:18:36.300243,,,,
Facebook,1,24.4,1,2019-12-10 17:44:32.043529,,,,
Google,5,24.4,2,2019-12-10 19:22:22.839637,,,,
Instagram,2,24.4,1,2019-12-11 02:18:52.715178,,,,
Twitter,4,24.4,2,2019-12-11 11:12:37.428106,,,,
Facebook,30,24.35,1,2019-12-11 23:43:41.522689,,,,
Google,2,24.4,2,2019-12-12 21:28:11.337423,,,,
Instagram,5,24.4,1,2019-12-14 01:43:53.808295,,,,
Twitter,10,24.35,2,2019-12-14 14:14:08.979423,,,,
Facebook,6,24.4,1,2019-12-15 16:38:35.027294,,,,
Google,40,24.35,2,2019-12-15 21:17:50.758057,,,,
Instagram,2,24.4,1,2019-12-16 14:42:10.090067,,,,
Twitter,2,24.4,2,2019-12-16 17:20:42.576526,,,,
Facebook,20,24.35,1,2019-12-17 15:50:19.419842,,,,
Google,10,24.35,2,2019-12-17 19:22:31.036439,,,,
Instagram,1,24.4,1,2019-12-18 03:26:31.163823,,,,
Twitter,4,24.4,2,2019-12-18 09:17:44.385374,,,,
Facebook,10,24.35,1,2019-12-18 17:34:21.528740,,,,
Google,10,24.35,2,2019-12-18 17:53:20.241803,,,,
Instagram,30,24.35,1,2019-12-18 22:07:13.688418,,,,
Twitter,20,24.35,2,2019-12-19 18:47:55.252664,,,,
Facebook,1,24.4,1,2019-12-21 04:15:08.407974,,,,
Google,10,24.35,2,2019-12-22 00:09:52.429922,,,,
Instagram,10,24.35,1,2019-12-22 17:08:01.460982,,,,
Twitter,4,24.4,2,2019-12-22 19:42:54.569725,,,,
Facebook,2,24.4,1,2019-12-22 22:21:54.579626,,,,
Google,2,24.4,2,2019-12-23 06:05:46.889722,,,,
Instagram,1,24.4,1,2019-12-23 12:20:28.809031,,,,
Twitter,40,24.35,2,2019-12-23 16:16:19.902403,,,,
Facebook,10,24.35,1,2019-12-24 19:32:54.236083,,,,
Google,5,24.4,2,2019-12-25 14:23:10.281654,,,,
Instagram,40,24.35,1,2019-12-25 21:17:40.773934,,,,
Twitter,8,24.4,2,2019-12-26 09:08:17.408803,,,,
Facebook,20,24.35,1,2019-12-26 20:40:26.611382,,,,
Google,10,24.35,2,2019-12-26 22:25:16.434695,,,,
Instagram,10,24.35,1,2019-12-27 19:28:51.281689,,,,
Twitter,1,24.4,2,2019-12-27 21:49:36.781350,,,,
Facebook,1,24.4,1,2019-12-27 23:26:21.922991,,,,
Google,5,24.4,2,2019-12-29 21:46:30.014114,,,,
Instagram,4,24.4,1,2019-12-30 16:24:47.063618,,,,
Twitter,1,24.4,2,2019-12-31 06:23:15.279223,,,,
Facebook,10,24.35,1,2020-01-01 10:44:38.113634,,,,
Google,25,24.35,2,2020-01-01 21:18:29.981404,,,,
Instagram,1,24.4,1,2020-01-02 12:53:08.409921,,,,
Twitter,6,24.4,2,2020-01-03 05:55:00.903272,,,,
Facebook,1,24.4,1,2020-01-03 17:58:35.625812,,,,
Google,10,24.35,2,2020-01-04 21:19:38.437266,,,,
Instagram,4,24.4,1,2020-01-05 11:16:44.215997,,,,
Twitter,10,24.35,2,2020-01-06 19:00:09.677877,,,,
Facebook,10,24.35,1,2020-01-07 11:54:57.423771,,,,
Google,1,24.4,2,2020-01-07 23:34:15.746879,,,,
Instagram,5,24.4,1,2020-01-08 01:59:05.160300,,,,
Twitter,20,24.35,2,2020-01-08 14:16:54.202246,,,,
Facebook,1,24.4,1,2020-01-09 22:32:02.929002,,,,
Google,50,24.3,2,2020-01-09 23:29:32.592349,,,,
Instagram,30,24.35,1,2020-01-10 02:50:43.833183,,,,
Twitter,1,24.4,2,2020-01-10 13:39:55.241511,,,,
Facebook,2,24.4,1,2020-01-11 18:41:08.153388,,,,
Google,30,24.35,2,2020-01-12 21:24:51.964650,,,,
Instagram,1,24.4,1,2020-01-13 17:35:17.210607,,,,
Twitter,3,24.4,2,2020-01-13 20:55:47.460438,,,,
Facebook,1,24.4,1,2020-01-14 15:51:49.183684,,,,
Google,30,24.35,2,2020-01-14 16:05:41.038996,,,,
Instagram,6,24.4,1,2020-01-14 18:04:21.925275,,,,
Twitter,4,24.4,2,2020-01-14 18:20:24.803068,,,,
Facebook,5,24.4,1,2020-01-14 23:15:49.539574,,,,
Google,10,24.35,2,2020-01-15 02:33:18.568782,,,,
Instagram,15,24.35,1,2020-01-15 21:05:50.831221,,,,
Twitter,2,24.4,2,2020-01-16 18:09:07.086990,,,,
Facebook,10,24.35,1,2020-01-16 19:52:03.103467,,,,
Google,1,24.4,2,2020-01-16 21:19:41.848766,,,,
Instagram,1,24.4,1,2020-01-17 13:39:31.121929,,,,
Twitter,1,24.4,2,2020-01-17 18:46:08.604352,,,,
Facebook,50,24.3,1,2020-01-17 21:52:28.209533,,,,
Google,30,24.35,2,2020-01-18 01:55:20.277648,,,,
Instagram,10,24.35,1,2020-01-18 04:33:41.687740,,,,
Twitter,1,24.4,2,2020-01-18 14:25:53.976441,,,,
Facebook,1,24.4,1,2020-01-18 14:27:51.548618,,,,
Google,1,24.4,2,2020-01-18 19:57:15.254657,,,,
Instagram,4,24.4,1,2020-01-19 10:24:19.218988,,,,
Twitter,1,24.4,2,2020-01-19 13:17:06.922303,,,,
Facebook,10,24.35,1,2020-01-19 19:25:13.824238,,,,
Google,28,24.35,2,2020-01-20 20:07:09.724898,,,,
Instagram,30,24.35,1,2020-01-20 22:09:29.005659,,,,
Twitter,10,24.35,2,2020-01-21 15:59:58.713958,,,,
Facebook,10,24.35,1,2020-01-22 16:59:32.667285,,,,
Google,20,24.35,2,2020-01-22 17:01:58.987217,,,,
Instagram,1,24.4,1,2020-01-22 21:05:37.104066,,,,
Twitter,20,24.35,2,2020-01-22 22:20:36.535087,,,,
Facebook,4,24.4,1,2020-01-23 22:52:15.407096,,,,
Google,2,24.4,2,2020-01-24 15:08:43.667568,,,,
Instagram,50,24.3,1,2020-01-24 22:13:44.417104,,,,
Twitter,5,24.4,2,2020-01-26 03:38:39.569824,,,,
Facebook,2,24.4,1,2020-01-27 20:49:46.157296,,,,
Google,2,24.4,2,2020-01-27 20:51:12.347596,,,,
Instagram,2,24.4,1,2020-01-27 23:57:11.303448,,,,
Twitter,20,24.35,2,2020-01-28 01:34:29.839660,,,,
Facebook,20,24.35,1,2020-01-28 17:25:50.153461,,,,
Google,8,24.4,2,2020-01-30 10:54:17.696631,,,,
Instagram,30,24.35,1,2020-01-30 19:06:22.299242,,,,
Twitter,1,24.4,2,2020-01-31 18:49:31.644350,,,,
Facebook,1,24.4,1,2020-01-31 20:34:56.968066,,,,
Google,20,24.35,2,2020-01-31 23:40:37.847830,,,,
Instagram,1,24.4,1,2020-02-01 01:32:41.420061,,,,
Twitter,10,24.35,2,2020-02-01 01:33:37.875073,,,,
Facebook,5,24.4,1,2020-02-01 01:41:10.459612,,,,
Google,1,24.4,2,2020-02-02 15:04:05.880735,,,,
Instagram,50,24.3,1,2020-02-02 21:58:34.366584,,,,
Twitter,2,24.4,2,2020-02-03 10:11:38.196885,,,,
Facebook,25,24.35,1,2020-02-03 19:02:18.354527,,,,
Google,11,24.35,2,2020-02-04 15:48:29.520382,,,,
Instagram,4,24.4,1,2020-02-05 00:23:46.921342,,,,
Twitter,1,24.4,2,2020-02-05 14:09:11.650704,,,,
Facebook,3,24.4,1,2020-02-05 18:14:45.105400,,,,
Google,1,24.4,2,2020-02-05 20:34:27.547201,,,,
Instagram,20,24.35,1,2020-02-05 21:02:12.716346,,,,
Twitter,1,24.4,2,2020-02-06 13:08:49.517091,,,,
Facebook,15,24.35,1,2020-02-06 18:51:58.509264,,,,
Google,1,24.4,2,2020-02-06 19:11:23.270921,,,,
Instagram,1,24.4,1,2020-02-07 17:13:12.611435,,,,
Twitter,2,24.4,2,2020-02-07 18:09:03.542509,,,,
Facebook,10,24.35,1,2020-02-08 00:09:11.319678,,,,
Google,5,24.4,2,2020-02-09 10:23:25.253100,,,,
Instagram,1,24.4,1,2020-02-10 16:03:00.110641,,,,
Twitter,50,24.3,2,2020-02-10 20:50:18.672834,,,,
Facebook,1,24.4,1,2020-02-11 01:07:36.645926,,,,
Google,55,24.3,2,2020-02-11 12:52:48.367065,,,,
Instagram,1,24.4,1,2020-02-11 13:12:24.000753,,,,
Twitter,10,24.35,2,2020-02-12 00:58:38.215914,,,,
Facebook,10,24.35,1,2020-02-12 16:13:52.755790,,,,
Google,1,24.4,2,2020-02-13 12:49:00.042791,,,,
Instagram,1,24.4,1,2020-02-13 23:27:38.790472,,,,
Twitter,30,24.35,2,2020-02-14 23:11:00.073285,,,,
Facebook,5,24.4,1,2020-02-15 06:34:11.043310,,,,
Google,10,24.35,2,2020-02-17 15:39:57.168128,,,,
Instagram,1,24.4,1,2020-02-18 22:27:33.956864,,,,
Twitter,20,24.35,2,2020-02-19 09:41:19.075156,,,,
Facebook,20,24.35,1,2020-02-19 11:00:35.228427,,,,
Google,1,24.4,2,2020-02-19 12:45:21.896286,,,,
Instagram,1,24.4,1,2020-02-19 16:06:35.056491,,,,
Twitter,5,24.4,2,2020-02-19 20:36:49.517525,,,,
Facebook,30,24.35,1,2020-02-20 22:30:18.886123,,,,
Google,1,24.4,2,2020-02-21 17:14:26.897727,,,,
Instagram,2,24.4,1,2020-02-21 18:30:49.355292,,,,
Twitter,25,24.35,2,2020-02-21 21:34:43.393968,,,,
Facebook,2,24.4,1,2020-02-22 14:15:11.540522,,,,
Google,4,24.4,2,2020-02-22 15:06:05.582595,,,,
Instagram,4,24.4,1,2020-02-22 15:41:15.205550,,,,
Twitter,20,24.35,2,2020-02-23 05:12:26.007142,,,,
Facebook,1,24.4,1,2020-02-23 08:32:45.844798,,,,
Google,10,24.35,2,2020-02-23 09:19:36.355784,,,,
Instagram,1,24.4,1,2020-02-24 02:15:11.256538,,,,
Twitter,10,24.35,2,2020-02-24 17:08:18.945285,,,,
Facebook,2,24.4,1,2020-02-24 17:49:21.609030,,,,
Google,3,24.4,2,2020-02-28 13:39:36.635972,,,,
Instagram,4,24.4,1,2020-02-28 18:08:48.729535,,,,
Twitter,1,24.4,2,2020-02-28 18:41:14.859795,,,,
Facebook,3,24.4,1,2020-02-29 21:26:30.797940,,,,
Google,2,24.4,2,2020-03-02 21:52:18.283526,,,,
Instagram,1,24.4,1,2020-03-05 04:01:59.419507,,,,
Twitter,1,24.4,2,2020-03-05 10:27:52.680669,,,,
Facebook,1,24.4,1,2020-03-05 12:17:26.209730,,,,
Google,1,24.4,2,2020-03-05 15:44:24.803403,,,,
Instagram,1,24.4,1,2020-03-05 17:39:12.016692,,,,
Twitter,2,24.4,2,2020-03-05 22:33:04.363825,,,,
Facebook,20,24.35,1,2020-03-06 21:59:09.525623,,,,
Google,1,24.4,2,2020-03-07 08:23:25.701228,,,,
Instagram,1,24.4,1,2020-03-08 19:58:45.595883,,,,
Twitter,20,24.35,2,2020-03-08 21:24:35.897369,,,,
Facebook,1,24.4,1,2020-03-09 16:27:37.087634,,,,
Google,90,24.3,2,2020-03-09 18:38:45.713186,,,,
Instagram,4,24.4,1,2020-03-09 21:02:11.764453,,,,
Twitter,10,24.35,2,2020-03-10 20:36:48.933227,,,,
Facebook,2,24.4,1,2020-03-12 09:50:50.542802,,,,
Google,11,24.35,2,2020-03-13 15:58:53.158231,,,,
Instagram,1,24.4,1,2020-03-13 17:11:58.240880,,,,
Twitter,1,24.4,2,2020-03-13 17:20:08.704597,,,,
Facebook,10,24.35,1,2020-03-16 17:34:55.287709,,,,
Google,1,24.4,2,2020-03-16 18:35:16.753948,,,,
Instagram,1,24.4,1,2020-03-17 11:04:50.989633,,,,
Twitter,20,24.35,2,2020-03-17 20:41:38.449989,,,,
Facebook,1,24.4,1,2020-03-18 13:36:04.584986,,,,
Google,1,24.4,2,2020-03-19 04:38:07.723670,,,,
Instagram,5,24.4,1,2020-03-19 18:30:25.563762,,,,
Twitter,10,24.35,2,2020-03-20 01:12:09.321446,,,,
Facebook,40,24.35,1,2020-03-20 16:12:57.819755,,,,
Google,20,24.35,2,2020-03-21 00:16:19.694504,,,,
Instagram,1,24.4,1,2020-03-23 12:36:03.965401,,,,
Twitter,1,24.4,2,2020-03-23 13:41:01.203391,,,,
Facebook,10,24.35,1,2020-03-23 17:50:37.982798,,,,
Google,2,24.4,2,2020-03-24 00:59:05.197565,,,,
Instagram,1,24.4,1,2020-03-24 19:54:11.537160,,,,
Twitter,1,24.4,2,2020-03-24 22:35:11.462914,,,,
Facebook,1,24.4,1,2020-03-25 06:56:28.155874,,,,
Google,1,24.4,2,2020-03-25 19:48:34.312487,,,,
Instagram,2,24.4,1,2020-03-26 10:12:00.877884,,,,
Twitter,1,24.4,2,2020-03-26 20:12:24.145171,,,,
Facebook,1,24.4,1,2020-03-27 03:55:04.766044,,,,
Google,56,24.3,2,2020-03-27 14:48:42.054967,,,,
Instagram,1,24.4,1,2020-03-27 15:28:18.220412,,,,
Twitter,2,24.4,2,2020-03-27 15:48:34.157500,,,,
Facebook,1,24.4,1,2020-03-27 16:41:26.804845,,,,
Google,10,24.35,2,2020-03-28 16:32:21.269558,,,,
Instagram,1,24.4,1,2020-03-29 16:37:43.492732,,,,
Twitter,3,24.4,2,2020-03-30 15:05:07.309341,,,,
Facebook,2,24.4,1,2020-03-30 16:44:05.200191,,,,
Google,10,24.35,2,2020-03-30 16:58:16.494265,,,,
Instagram,30,24.35,1,2020-03-31 15:28:52.803847,,,,
Twitter,1,24.4,2,2020-03-31 16:52:44.762135,,,,
Facebook,1,24.4,1,2020-03-31 20:40:25.086336,,,,
Google,1,24.4,2,2020-04-01 13:42:20.315974,,,,
Instagram,1,24.4,1,2020-04-01 19:28:33.971963,,,,
Twitter,4,24.4,2,2020-04-02 06:18:58.396924,,,,
Facebook,4,24.4,1,2020-04-02 10:41:50.071529,,,,
Google,50,24.3,2,2020-04-02 15:31:33.178666,,,,
Instagram,50,24.3,1,2020-04-02 18:27:43.732163,,,,
Twitter,1,24.4,2,2020-04-02 18:51:32.351160,,,,
Facebook,2,24.4,1,2020-04-03 04:59:04.207760,,,,
Google,3,24.4,2,2020-04-03 05:16:48.763003,,,,
Instagram,1,24.4,1,2020-04-03 14:21:40.225497,,,,
Twitter,1,24.4,2,2020-04-03 15:17:26.625417,,,,
Facebook,1,24.4,1,2020-04-03 17:05:13.393465,,,,
Google,4,24.4,2,2020-04-03 18:57:05.665769,,,,
Instagram,1,24.4,1,2020-04-03 20:03:56.124588,,,,
Twitter,5,24.4,2,2020-04-03 21:29:11.506574,,,,
Facebook,18,24.35,1,2020-04-05 07:15:23.815785,,,,
Google,10,24.35,2,2020-04-05 12:59:26.606353,,,,
Instagram,10,24.35,1,2020-04-05 19:02:17.443213,,,,
Twitter,1,24.4,2,2020-04-05 20:08:45.544277,,,,
Facebook,4,24.4,1,2020-04-05 20:17:51.295853,,,,
Google,50,24.3,2,2020-04-06 08:06:58.317599,,,,
Instagram,1,24.4,1,2020-04-07 01:37:54.469094,,,,
Twitter,30,24.35,2,2020-04-07 16:44:09.853574,,,,
Facebook,50,24.3,1,2020-04-07 23:25:43.097102,,,,
Google,1,24.4,2,2020-04-07 23:55:02.578312,,,,
Instagram,3,24.4,1,2020-04-08 06:14:37.998618,,,,
Twitter,1,24.4,2,2020-04-11 01:22:03.576936,,,,
Facebook,1,24.4,1,2020-04-11 06:36:40.438468,,,,
Google,10,24.35,2,2020-04-11 17:37:30.255196,,,,
Instagram,1,24.4,1,2020-04-11 17:38:48.180788,,,,
Twitter,1,24.4,2,2020-04-12 10:03:44.458943,,,,
Facebook,21,24.35,1,2020-04-12 18:31:10.667240,,,,
Google,5,24.4,2,2020-04-12 20:59:12.555434,,,,
Instagram,50,24.3,1,2020-04-13 17:25:25.865521,,,,
Twitter,10,24.35,2,2020-04-13 21:23:57.978949,,,,
Facebook,20,24.35,1,2020-04-14 16:01:08.722431,,,,
Google,1,24.4,2,2020-04-15 01:14:39.165630,,,,
Instagram,5,24.4,1,2020-04-15 23:26:24.169164,,,,
Twitter,1,24.4,2,2020-04-16 09:46:45.602471,,,,
Facebook,1,24.4,1,2020-04-16 12:01:44.082198,,,,
Google,50,24.3,2,2020-04-16 15:40:41.215387,,,,
Instagram,20,24.35,1,2020-04-18 18:16:41.775839,,,,
Twitter,50,24.3,2,2020-04-20 01:06:42.873579,,,,
Facebook,2,24.4,1,2020-04-20 18:57:41.299723,,,,
Google,1,24.4,2,2020-04-21 14:13:44.737826,,,,
Instagram,20,24.35,1,2020-04-21 20:58:21.523765,,,,
Twitter,38,24.35,2,2020-04-22 15:14:30.454708,,,,
Facebook,50,24.3,1,2020-04-22 21:32:16.662122,,,,
Google,1,24.4,2,2020-04-23 10:51:27.351939,,,,
Instagram,15,24.35,1,2020-04-23 16:02:55.828705,,,,
Twitter,50,24.3,2,2020-04-23 17:38:58.968249,,,,
Facebook,10,24.35,1,2020-04-23 18:13:47.887377,,,,
Google,1,24.4,2,2020-04-24 02:21:38.787806,,,,
Instagram,2,24.4,1,2020-04-24 15:12:06.982299,,,,
Twitter,5,24.4,2,2020-04-24 20:25:08.250662,,,,
Facebook,1,24.4,1,2020-04-25 14:40:23.078248,,,,
Google,10,24.35,2,2020-04-25 20:09:12.305060,,,,
Instagram,10,24.35,1,2020-04-26 17:29:01.076294,,,,
Twitter,1,24.4,2,2020-04-27 00:23:51.081525,,,,
Facebook,10,24.35,1,2020-04-27 16:42:24.483486,,,,
Google,1,24.4,2,2020-04-28 15:37:33.830864,,,,
Instagram,10,24.35,1,2020-04-28 15:54:08.258991,,,,
Twitter,2,24.4,2,2020-04-28 18:36:50.864911,,,,
Facebook,1,24.4,1,2020-04-28 19:17:25.539584,,,,
Google,1,24.4,2,2020-04-29 07:16:58.309778,,,,
Instagram,6,24.4,1,2020-04-29 20:46:41.865903,,,,
Twitter,30,24.35,2,2020-04-29 21:00:02.063054,,,,
Facebook,50,24.3,1,2020-04-29 21:01:12.080811,,,,
Google,1,24.4,2,2020-04-29 21:26:16.964645,,,,
Instagram,1,24.4,1,2020-04-29 22:39:15.739529,,,,
Twitter,10,24.35,2,2020-04-29 23:38:42.034801,,,,
Facebook,10,24.35,1,2020-04-30 01:05:37.589481,,,,
Google,1,24.4,2,2020-04-30 01:06:06.907676,,,,
Instagram,1,24.4,1,2020-04-30 05:14:22.941308,,,,
Twitter,1,24.4,2,2020-04-30 09:31:34.286280,,,,
Facebook,1,24.4,1,2020-04-30 13:21:24.849000,,,,
Google,1,24.4,2,2020-04-30 15:41:16.640912,,,,
Instagram,1,24.4,1,2020-04-30 19:13:35.756409,,,,
Twitter,50,24.3,2,2020-05-01 05:04:07.324895,,,,
Facebook,1,24.4,1,2020-05-01 15:27:12.500956,,,,
Google,1,24.4,2,2020-05-01 16:23:47.274197,,,,
Instagram,10,24.35,1,2020-05-01 18:33:00.164230,,,,
Twitter,1,24.4,2,2020-05-01 20:48:52.456693,,,,
Facebook,2,24.4,1,2020-05-01 21:15:25.449727,,,,
Google,4,24.4,2,2020-05-02 03:13:44.377892,,,,
Instagram,5,24.4,1,2020-05-02 08:28:30.853774,,,,
Twitter,1,24.4,2,2020-05-02 09:37:35.104366,,,,
Facebook,1,24.4,1,2020-05-02 10:50:31.403691,,,,
Google,1,24.4,2,2020-05-02 15:21:05.598508,,,,
Instagram,3,24.4,1,2020-05-02 15:47:40.913645,,,,
Twitter,1,24.4,2,2020-05-02 15:59:40.072038,,,,
Facebook,1,24.4,1,2020-05-02 17:24:59.111485,,,,
Google,5,24.4,2,2020-05-02 18:07:48.731579,,,,
Instagram,1,24.4,1,2020-05-02 18:54:32.539258,,,,
Twitter,50,24.3,2,2020-05-02 21:17:30.481730,,,,
Facebook,1,24.4,1,2020-05-02 22:27:20.559859,,,,
Google,25,24.35,2,2020-05-03 10:51:31.655567,,,,
Instagram,4,24.4,1,2020-05-03 18:27:14.274040,,,,
Twitter,1,24.4,2,2020-05-03 20:14:23.889595,,,,
Facebook,5,24.4,1,2020-05-03 21:17:00.346825,,,,
Google,1,24.4,2,2020-05-03 21:29:34.107480,,,,
Instagram,10,24.35,1,2020-05-04 14:07:44.210662,,,,
Twitter,50,24.3,2,2020-05-04 20:27:13.369246,,,,
Facebook,1,24.4,1,2020-05-05 01:20:33.434006,,,,
Google,2,24.4,2,2020-05-05 02:23:10.215066,,,,
Instagram,1,24.4,1,2020-05-05 14:09:42.333959,,,,
Twitter,1,24.4,2,2020-05-05 14:30:08.284628,,,,
Facebook,1,24.4,1,2020-05-05 15:00:12.332057,,,,
Google,1,24.4,2,2020-05-05 15:57:23.583392,,,,
Instagram,1,24.4,1,2020-05-06 14:34:40.325249,,,,
Twitter,1,24.4,2,2020-05-06 15:05:43.436054,,,,
Facebook,15,24.35,1,2020-05-06 15:47:14.931575,,,,
Google,10,24.35,2,2020-05-06 18:41:41.565466,,,,
Instagram,1,24.4,1,2020-05-07 09:15:52.645214,,,,
Twitter,1,24.4,2,2020-05-07 13:23:16.289478,,,,
Facebook,1,24.4,1,2020-05-07 14:09:57.999965,,,,
Google,1,24.4,2,2020-05-07 16:32:44.084916,,,,
Instagram,10,24.35,1,2020-05-08 07:31:18.054697,,,,
Twitter,1,24.4,2,2020-05-08 10:17:13.273699,,,,
Facebook,1,24.4,1,2020-05-08 15:38:43.446488,,,,
Google,4,24.4,2,2020-05-08 15:58:27.622235,,,,
Instagram,50,24.3,1,2020-05-08 17:20:45.082937,,,,
Twitter,1,24.4,2,2020-05-08 23:07:36.833368,,,,
Facebook,10,24.35,1,2020-05-09 01:09:23.789907,,,,
Google,10,24.35,2,2020-05-09 05:10:43.025924,,,,
Instagram,1,24.4,1,2020-05-09 10:30:56.926179,,,,
Twitter,1,24.4,2,2020-05-09 14:49:30.242760,,,,
Facebook,1,24.4,1,2020-05-09 18:52:50.931010,,,,
Google,1,24.4,2,2020-05-09 19:29:00.619736,,,,
Instagram,1,24.4,1,2020-05-10 00:31:44.802787,,,,
Twitter,1,24.4,2,2020-05-10 00:35:06.623150,,,,
Facebook,1,24.4,1,2020-05-10 05:08:09.506936,,,,
Google,1,24.4,2,2020-05-10 12:03:35.226327,,,,
Instagram,1,24.4,1,2020-05-10 13:54:17.231920,,,,
Twitter,30,24.35,2,2020-05-10 17:55:20.505425,,,,
Facebook,6,24.4,1,2020-05-10 18:59:32.761980,,,,
Google,40,24.35,2,2020-05-11 00:20:14.642732,,,,
Instagram,2,24.4,1,2020-05-11 14:10:45.246000,,,,
Twitter,1,24.4,2,2020-05-11 15:00:00.987148,,,,
Facebook,1,24.4,1,2020-05-12 05:52:17.181295,,,,
Google,10,24.35,2,2020-05-12 07:12:22.026792,,,,
Instagram,30,24.35,1,2020-05-12 23:18:18.254296,,,,
Twitter,1,24.4,2,2020-05-13 15:31:13.842808,,,,
Facebook,1,24.4,1,2020-05-13 17:38:43.197312,,,,
Google,2,24.4,2,2020-05-13 20:49:25.065094,,,,
Instagram,1,24.4,1,2020-05-14 13:20:43.144006,,,,
Twitter,10,24.35,2,2020-05-14 15:39:58.340210,,,,
Facebook,1,24.4,1,2020-05-14 20:52:07.299202,,,,
Google,1,24.4,2,2020-05-15 01:12:27.182592,,,,
Instagram,1,24.4,1,2020-05-15 12:35:11.264469,,,,
Twitter,1,24.4,2,2020-05-15 17:35:42.148423,,,,
Facebook,50,24.3,1,2020-05-15 20:58:42.515492,,,,
Google,20,24.35,2,2020-05-15 22:36:21.318193,,,,
Instagram,1,24.4,1,2020-05-15 23:00:22.557990,,,,
Twitter,1,24.4,2,2020-05-16 06:42:36.726693,,,,
Facebook,1,24.4,1,2020-05-17 10:35:50.834219,,,,
Google,10,24.35,2,2020-05-17 17:23:54.211616,,,,
Instagram,8,24.4,1,2020-05-18 18:51:30.648260,,,,
Twitter,50,24.3,2,2020-05-18 22:54:05.461415,,,,
Facebook,1,24.4,1,2020-05-19 10:28:31.457122,,,,
Google,4,24.4,2,2020-05-19 23:00:57.014428,,,,
Instagram,1,24.4,1,2020-05-20 03:58:40.116488,,,,
Twitter,50,24.3,2,2020-05-20 11:45:08.431848,,,,
Facebook,1,24.4,1,2020-05-20 17:49:12.274097,,,,
Google,50,24.3,2,2020-05-21 12:17:09.903162,,,,
Instagram,10,24.35,1,2020-05-21 19:51:25.811904,,,,
Twitter,5,24.4,2,2020-05-21 20:22:43.811613,,,,
Facebook,10,24.35,1,2020-05-21 20:24:40.646298,,,,
Google,1,24.4,2,2020-05-21 20:47:23.986699,,,,
Instagram,3,24.4,1,2020-05-21 20:48:12.107907,,,,
Twitter,1,24.4,2,2020-05-22 00:34:28.612224,,,,
Facebook,10,24.35,1,2020-05-22 09:40:14.718370,,,,
Google,1,24.4,2,2020-05-22 14:41:36.479247,,,,
Instagram,1,24.4,1,2020-05-22 14:42:54.117977,,,,
Twitter,1,24.4,2,2020-05-22 15:09:12.492295,,,,
Facebook,5,24.4,1,2020-05-22 21:07:05.985241,,,,
Google,10,24.35,2,2020-05-23 00:24:29.091697,,,,
Instagram,20,24.35,1,2020-05-23 11:54:55.151767,,,,
Twitter,5,24.4,2,2020-05-23 13:47:18.810058,,,,
Facebook,2,24.4,1,2020-05-23 19:13:38.238238,,,,
Google,1,24.4,2,2020-05-24 15:29:30.206543,,,,
Instagram,5,24.4,1,2020-05-25 13:38:11.208601,,,,
Twitter,3,24.4,2,2020-05-25 14:42:57.217061,,,,
Facebook,1,24.4,1,2020-05-25 15:02:14.209509,,,,
Google,10,24.35,2,2020-05-25 16:27:47.280659,,,,
Instagram,20,24.35,1,2020-05-25 17:11:50.215224,,,,
Twitter,1,24.4,2,2020-05-26 10:59:34.725708,,,,
Facebook,1,24.4,1,2020-05-26 14:32:10.210317,,,,
Google,1,24.4,2,2020-05-26 18:45:02.175139,,,,
Instagram,50,24.3,1,2020-05-26 20:08:05.878047,,,,
Twitter,2,24.4,2,2020-05-27 01:48:57.484541,,,,
Facebook,1,24.4,1,2020-05-27 12:17:24.950993,,,,
Google,1,24.4,2,2020-05-27 14:49:03.395370,,,,
Instagram,50,24.3,1,2020-05-27 15:56:44.039898,,,,
Twitter,10,24.35,2,2020-05-27 21:00:34.899826,,,,
Facebook,1,24.4,1,2020-05-29 10:42:14.699806,,,,
Google,1,24.4,2,2020-05-29 16:03:30.517691,,,,
Instagram,1,24.4,1,2020-05-29 18:11:01.301538,,,,
Twitter,30,24.35,2,2020-05-29 19:30:46.907592,,,,
Facebook,50,24.3,1,2020-05-29 20:55:14.214676,,,,
Google,5,24.4,2,2020-05-29 22:05:44.441292,,,,
Instagram,1,24.4,1,2020-05-30 08:06:11.153926,,,,
Twitter,1,24.4,2,2020-05-30 10:09:38.771158,,,,
Facebook,1,24.4,1,2020-05-30 10:37:57.173568,,,,
Google,10,24.35,2,2020-05-30 23:58:37.713380,,,,
Instagram,5,24.4,1,2020-05-31 11:15:10.409603,,,,
Twitter,10,24.35,2,2020-05-31 15:15:09.418900,,,,
Facebook,5,24.4,1,2020-06-01 08:52:29.408624,,,,
Google,1,24.4,2,2020-06-01 11:47:30.395580,,,,
Instagram,1,24.4,1,2020-06-01 18:57:26.320331,,,,
Twitter,50,24.3,2,2020-06-01 20:55:08.705449,,,,
Facebook,5,24.4,1,2020-06-01 22:22:44.093306,,,,
Google,1,24.4,2,2020-06-01 23:54:05.413403,,,,
Instagram,1,24.4,1,2020-06-02 03:07:41.341279,,,,
Twitter,1,24.4,2,2020-06-02 06:52:34.450098,,,,
Facebook,1,24.4,1,2020-06-02 12:34:25.695997,,,,
Google,20,24.35,2,2020-06-02 18:47:51.862079,,,,
Instagram,1,24.4,1,2020-06-03 02:33:18.040920,,,,
Twitter,1,24.4,2,2020-06-03 09:03:49.790819,,,,
Facebook,1,24.4,1,2020-06-03 13:13:04.514166,,,,
Google,1,24.4,2,2020-06-03 15:53:25.404407,,,,
Instagram,70,24.3,1,2020-06-04 00:36:02.336473,,,,
Twitter,10,24.35,2,2020-06-04 17:11:52.602006,,,,
Facebook,50,24.3,1,2020-06-04 20:23:53.429926,,,,
Google,10,24.35,2,2020-06-04 20:25:48.588759,,,,
Instagram,50,24.3,1,2020-06-04 21:53:53.813276,,,,
Twitter,1,24.4,2,2020-06-05 11:25:14.211816,,,,
Facebook,1,24.4,1,2020-06-05 15:50:13.257233,,,,
Google,50,24.3,2,2020-06-06 22:40:26.617791,,,,
Instagram,2,24.4,1,2020-06-07 00:51:33.214043,,,,
Twitter,2,24.4,2,2020-06-07 11:04:20.992297,,,,
Facebook,2,24.4,1,2020-06-07 14:50:18.093991,,,,
Google,1,24.4,2,2020-06-07 17:36:50.636251,,,,
Instagram,10,24.35,1,2020-06-08 17:13:26.385523,,,,
Twitter,15,24.35,2,2020-06-08 21:21:54.025358,,,,
Facebook,2,24.4,1,2020-06-09 05:16:08.976194,,,,
Google,1,24.4,2,2020-06-09 12:49:55.074963,,,,
Instagram,1,24.4,1,2020-06-09 13:45:23.466753,,,,
Twitter,2,24.4,2,2020-06-10 20:13:15.690266,,,,
Facebook,5,24.4,1,2020-06-15 08:57:20.575467,,,,
Google,5,24.4,2,2020-06-15 13:23:37.318909,,,,
Instagram,1,24.4,1,2020-06-15 14:17:33.342293,,,,
Twitter,30,24.35,2,2020-06-15 15:52:56.655252,,,,
Facebook,1,24.4,1,2020-06-15 16:06:59.050651,,,,
Google,1,24.4,2,2020-06-16 02:10:33.778362,,,,
Instagram,1,24.4,1,2020-06-16 04:54:48.534146,,,,
Twitter,1,24.4,2,2020-06-16 07:13:35.153527,,,,
Facebook,1,24.4,1,2020-06-16 10:23:08.154051,,,,
Google,1,24.4,2,2020-06-16 11:17:29.052047,,,,
Instagram,20,24.35,1,2020-06-16 12:18:44.708702,,,,
Twitter,10,24.35,2,2020-06-16 13:55:09.570738,,,,
Facebook,1,24.4,1,2020-06-16 14:41:28.370547,,,,
Google,1,24.4,2,2020-06-16 15:10:59.781079,,,,
Instagram,1,24.4,1,2020-06-16 16:28:09.540449,,,,
Twitter,50,24.3,2,2020-06-16 17:38:26.836480,,,,
Facebook,1,24.4,1,2020-06-16 17:55:31.314668,,,,
Google,1,24.4,2,2020-06-16 18:37:15.336772,,,,
Instagram,20,24.35,1,2020-06-16 20:29:05.573389,,,,
Twitter,1,24.4,2,2020-06-16 21:34:20.311659,,,,
Facebook,1,24.4,1,2020-06-17 10:31:53.794483,,,,
Google,1,24.4,2,2020-06-17 12:56:04.392567,,,,
Instagram,20,24.35,1,2020-06-17 12:56:08.234367,,,,
Twitter,1,24.4,2,2020-06-17 14:18:20.536991,,,,
Facebook,4,24.4,1,2020-06-17 16:12:12.948246,,,,
Google,1,24.4,2,2020-06-17 16:29:19.774151,,,,
Instagram,50,24.3,1,2020-06-17 18:37:54.962378,,,,
Twitter,50,24.3,2,2020-06-17 19:03:39.079858,,,,
Facebook,20,24.35,1,2020-06-17 23:13:56.380061,,,,
Google,1,24.4,2,2020-06-19 04:12:01.530056,,,,
Instagram,15,24.35,1,2020-06-20 03:54:39.958906,,,,
Twitter,1,24.4,2,2020-06-20 06:57:43.896375,,,,
Facebook,1,24.4,1,2020-06-20 08:00:16.408060,,,,
Google,20,24.35,2,2020-06-20 13:47:27.310508,,,,
Instagram,50,24.3,1,2020-06-20 15:14:10.543442,,,,
Twitter,1,24.4,2,2020-06-20 17:48:05.910454,,,,
Facebook,1,24.4,1,2020-06-20 19:26:20.508900,,,,
Google,1,24.4,2,2020-06-21 00:30:22.516962,,,,
Instagram,3,24.4,1,2020-06-21 11:36:16.009636,,,,
Twitter,50,24.3,2,2020-06-21 15:09:02.600471,,,,
Facebook,1,24.4,1,2020-06-21 19:01:17.292230,,,,
Google,1,24.4,2,2020-06-21 19:32:31.908451,,,,
Instagram,50,24.3,1,2020-06-21 20:43:13.489654,,,,
Twitter,1,24.4,2,2020-06-22 06:30:30.338666,,,,
Facebook,1,24.4,1,2020-06-22 08:33:23.700943,,,,
Google,1,24.4,2,2020-06-22 10:52:17.024602,,,,
Instagram,10,24.35,1,2020-06-22 14:37:09.954445,,,,
Twitter,1,24.4,2,2020-06-22 14:44:11.163797,,,,
Facebook,20,24.35,1,2020-06-22 21:20:15.215749,,,,
Google,2,24.4,2,2020-06-23 00:11:50.749232,,,,
Instagram,1,24.4,1,2020-06-23 15:51:15.417821,,,,
Twitter,10,24.35,2,2020-06-24 00:33:13.715927,,,,
Facebook,1,24.4,1,2020-06-24 07:45:12.847401,,,,
Google,50,24.3,2,2020-06-24 17:48:57.973049,,,,
Instagram,1,24.4,1,2020-06-25 12:20:07.551706,,,,
Twitter,1,24.4,2,2020-06-25 19:31:20.018763,,,,
Facebook,1,24.4,1,2020-06-26 13:25:41.735772,,,,
Google,2,24.4,2,2020-06-26 16:08:43.389830,,,,
Instagram,50,24.3,1,2020-06-26 22:15:32.053389,,,,
Twitter,10,24.35,2,2020-06-27 20:40:43.353489,,,,
Facebook,10,24.35,1,2020-06-27 20:47:09.580943,,,,
Google,2,24.4,2,2020-06-28 09:47:56.310084,,,,
Instagram,10,24.35,1,2020-06-30 16:39:11.258055,,,,
Twitter,16,24.35,2,2020-06-30 21:04:19.423389,,,,
Facebook,1,24.4,1,2020-06-30 21:43:04.879198,,,,
Google,5,24.4,2,2020-07-01 10:56:32.874799,,,,
Instagram,150,24.3,1,2020-07-01 11:09:44.237891,,,,
Twitter,1,24.4,2,2020-07-01 13:51:35.500490,,,,
Facebook,10,24.35,1,2020-07-01 15:50:54.320356,,,,
Google,8,24.4,2,2020-07-01 19:05:17.511276,,,,
Instagram,1,24.4,1,2020-07-02 02:32:10.094698,,,,
Twitter,50,24.3,2,2020-07-02 12:57:51.482824,,,,
Facebook,10,24.35,1,2020-07-02 16:18:43.620394,,,,
Google,1,24.4,2,2020-07-02 17:10:16.402491,,,,
Instagram,2,24.4,1,2020-07-02 17:22:52.660341,,,,
Twitter,1,24.4,2,2020-07-02 18:04:48.891146,,,,
Facebook,1,24.52,1,2020-07-02 18:28:36.762389,,,,
Google,1,24.52,2,2020-07-02 22:13:51.655163,,,,
Instagram,1,24.52,1,2020-07-03 12:29:14.577755,,,,
Twitter,20,24.5,2,2020-07-03 16:49:39.748552,,,,
Facebook,1,24.52,1,2020-07-04 05:30:04.336090,,,,
Google,5,24.52,2,2020-07-04 10:32:22.965863,,,,
Instagram,1,24.52,1,2020-07-04 16:06:31.307492,,,,
Twitter,10,24.5,2,2020-07-04 19:41:41.568641,,,,
Facebook,1,24.52,1,2020-07-05 08:44:00.875819,,,,
Google,1,24.52,2,2020-07-05 08:53:51.791115,,,,
Instagram,5,24.52,1,2020-07-05 17:49:48.650236,,,,
Twitter,1,24.52,2,2020-07-06 13:44:49.634850,,,,
Facebook,10,24.5,1,2020-07-06 15:27:01.602372,,,,
Google,1,24.52,2,2020-07-06 16:30:34.010301,,,,
Instagram,1,24.52,1,2020-07-06 16:51:35.399891,,,,
Twitter,2,24.52,2,2020-07-06 20:24:23.359178,,,,
Facebook,1,24.52,1,2020-07-06 21:27:34.360906,,,,
Google,1,24.52,2,2020-07-07 08:48:57.143888,,,,
Instagram,50,24.45,1,2020-07-07 13:22:52.384231,,,,
Twitter,1,24.52,2,2020-07-07 14:34:06.404123,,,,
Facebook,2,24.52,1,2020-07-08 00:57:50.305654,,,,
Google,4,24.52,2,2020-07-08 08:24:54.225322,,,,
Instagram,5,24.52,1,2020-07-08 11:02:50.171471,,,,
Twitter,10,24.5,2,2020-07-08 12:35:22.258862,,,,
Facebook,1,24.52,1,2020-07-08 17:26:06.616487,,,,
Google,50,24.45,2,2020-07-08 20:51:25.541220,,,,
Instagram,10,24.5,1,2020-07-08 21:00:44.232374,,,,
Twitter,10,24.5,2,2020-07-10 22:06:09.600754,,,,
Facebook,20,24.5,1,2020-07-10 22:55:56.437992,,,,
Google,10,24.5,2,2020-07-11 09:51:17.708486,,,,
Instagram,4,24.52,1,2020-07-11 10:53:37.640446,,,,
Twitter,50,24.45,2,2020-07-11 15:33:41.021564,,,,
Facebook,50,24.45,1,2020-07-11 16:00:37.029454,,,,
Google,8,24.52,2,2020-07-12 21:39:25.049975,,,,
Instagram,1,24.52,1,2020-07-13 05:53:00.256672,,,,
Twitter,10,24.5,2,2020-07-13 18:36:20.497446,,,,
Facebook,50,24.45,1,2020-07-14 07:15:47.753707,,,,
Google,2,24.52,2,2020-07-14 14:11:05.849272,,,,
Instagram,1,24.52,1,2020-07-14 15:14:58.494741,,,,
Twitter,10,24.5,2,2020-07-14 17:02:58.738566,,,,
Facebook,10,24.5,1,2020-07-14 17:44:23.647949,,,,
Google,1,24.52,2,2020-07-14 18:00:56.714439,,,,
Instagram,20,24.5,1,2020-07-14 18:32:58.731904,,,,
Twitter,10,24.5,2,2020-07-14 19:22:31.046077,,,,
Facebook,10,24.5,1,2020-07-15 08:37:11.050181,,,,
Google,4,24.52,2,2020-07-15 19:33:21.191827,,,,
Instagram,11,24.5,1,2020-07-15 21:45:47.605683,,,,
Twitter,50,24.45,2,2020-07-15 22:10:04.671994,,,,
Facebook,1,24.52,1,2020-07-16 07:00:51.555187,,,,
Google,1,24.52,2,2020-07-16 07:48:06.310685,,,,
Instagram,1,24.52,1,2020-07-17 17:57:45.673192,,,,
Twitter,1,24.52,2,2020-07-17 18:59:58.747648,,,,
Facebook,1,24.52,1,2020-07-18 14:06:07.699741,,,,
Google,50,24.45,2,2020-07-18 15:56:53.989781,,,,
Instagram,1,24.52,1,2020-07-18 18:35:36.351057,,,,
Twitter,10,24.5,2,2020-07-19 17:05:54.106437,,,,
Facebook,1,24.52,1,2020-07-20 15:50:52.201923,,,,
Google,2,24.52,2,2020-07-20 16:01:19.326081,,,,
Instagram,1,24.52,1,2020-07-20 16:13:35.777099,,,,
Twitter,1,24.52,2,2020-07-20 18:10:59.243455,,,,
Facebook,100,24.42,1,2020-07-21 16:48:17.272797,,,,
Google,2,24.52,2,2020-07-21 18:00:04.813934,,,,
Instagram,4,24.52,1,2020-07-22 10:14:39.029894,,,,
Twitter,10,24.5,2,2020-07-22 16:13:49.554512,,,,
Facebook,1,24.52,1,2020-07-23 06:23:59.640127,,,,
Google,1,24.52,2,2020-07-23 07:59:20.752560,,,,
Instagram,1,24.52,1,2020-07-23 08:51:10.297574,,,,
Twitter,50,24.45,2,2020-07-23 15:32:54.215342,,,,
Facebook,1,24.52,1,2020-07-24 05:50:39.294453,,,,
Google,1,24.52,2,2020-07-24 05:59:41.930354,,,,
Instagram,1,24.52,1,2020-07-24 06:21:17.482082,,,,
Twitter,1,24.52,2,2020-07-24 15:47:51.641223,,,,
Facebook,10,24.5,1,2020-07-24 17:14:03.566670,,,,
Google,20,24.5,2,2020-07-24 18:35:59.006913,,,,
Instagram,1,24.52,1,2020-07-24 21:14:33.579736,,,,
Twitter,25,24.5,2,2020-07-26 00:23:02.011352,,,,
Facebook,2,24.52,1,2020-07-26 09:12:09.909143,,,,
Google,8,24.52,2,2020-07-26 10:37:19.759087,,,,
Instagram,1,24.52,1,2020-07-26 16:59:58.928562,,,,
Twitter,1,24.52,2,2020-07-26 17:06:17.526603,,,,
Facebook,2,24.52,1,2020-07-26 17:19:11.010946,,,,
Google,1,24.52,2,2020-07-27 11:05:28.728132,,,,
Instagram,1,24.52,1,2020-07-27 13:05:16.624176,,,,
Twitter,1,24.52,2,2020-07-27 18:55:35.168531,,,,
Facebook,10,24.5,1,2020-07-28 04:47:33.289336,,,,
Google,1,24.52,2,2020-07-28 11:19:08.283362,,,,
Instagram,3,24.52,1,2020-07-28 14:01:40.105603,,,,
Twitter,1,24.52,2,2020-07-28 17:12:53.809155,,,,
Facebook,50,24.45,1,2020-07-29 00:26:37.725178,,,,
Google,1,24.52,2,2020-07-29 17:19:52.241153,,,,
Instagram,10,24.5,1,2020-07-29 17:58:59.240035,,,,
Twitter,2,24.52,2,2020-07-29 20:30:04.098024,,,,
Facebook,20,24.5,1,2020-07-30 10:00:26.422060,,,,
Google,1,24.52,2,2020-07-30 10:09:52.187890,,,,
Instagram,200,24.42,1,2020-07-30 15:07:49.444044,,,,
Twitter,100,24.42,2,2020-07-30 15:10:00.107928,,,,
Facebook,1,24.52,1,2020-07-30 20:42:49.203719,,,,
Google,1,24.52,2,2020-07-31 06:16:34.469465,,,,
Instagram,1,24.52,1,2020-07-31 06:37:59.756791,,,,
Twitter,1,24.52,2,2020-07-31 10:37:57.440488,,,,
Facebook,10,24.5,1,2020-07-31 12:02:04.867778,,,,
Google,10,24.5,2,2020-07-31 17:29:40.788735,,,,
Instagram,10,24.5,1,2020-07-31 19:09:17.754593,,,,
Twitter,1,24.52,2,2020-07-31 23:18:16.748843,,,,
Facebook,2,24.52,1,2020-08-01 00:15:17.571002,,,,
Google,2,24.52,2,2020-08-01 09:38:22.666514,,,,
Instagram,10,24.5,1,2020-08-01 11:21:33.219587,,,,
Twitter,5,24.52,2,2020-08-01 15:14:11.058694,,,,
Facebook,10,24.5,1,2020-08-01 17:17:50.674205,,,,
Google,1,24.52,2,2020-08-01 20:55:30.714536,,,,
Instagram,10,24.5,1,2020-08-02 08:21:04.824694,,,,
Twitter,1,24.52,2,2020-08-02 15:33:29.127625,,,,
Facebook,1,24.52,1,2020-08-02 16:00:21.179973,,,,
Google,10,24.5,2,2020-08-02 16:24:23.303411,,,,
Instagram,19,24.5,1,2020-08-02 16:46:33.360535,,,,
Twitter,50,24.45,2,2020-08-02 20:27:05.957199,,,,
Facebook,1,24.52,1,2020-08-03 07:01:47.575750,,,,
Google,1,24.52,2,2020-08-03 10:14:04.606403,,,,
Instagram,1,24.52,1,2020-08-03 17:34:14.544590,,,,
Twitter,1,24.52,2,2020-08-03 19:03:58.327025,,,,
Facebook,1,24.52,1,2020-08-04 00:01:31.542823,,,,
Google,1,24.52,2,2020-08-04 05:25:41.582404,,,,
Instagram,1,24.52,1,2020-08-04 13:04:05.664292,,,,
Twitter,50,24.45,2,2020-08-04 18:39:59.773175,,,,
Facebook,20,24.5,1,2020-08-04 22:31:37.480025,,,,
Google,1,24.52,2,2020-08-05 18:23:25.985229,,,,
Instagram,4,24.52,1,2020-08-05 18:36:07.549011,,,,
Twitter,1,24.52,2,2020-08-05 22:41:37.051312,,,,
Facebook,50,24.45,1,2020-08-06 01:19:37.812429,,,,
Google,1,24.52,2,2020-08-06 10:18:57.819081,,,,
Instagram,1,24.52,1,2020-08-06 12:08:46.067832,,,,
Twitter,2,24.52,2,2020-08-06 13:03:56.887057,,,,
Facebook,1,24.52,1,2020-08-07 00:49:54.848417,,,,
Google,20,24.5,2,2020-08-07 02:31:32.387266,,,,
Instagram,1,24.52,1,2020-08-07 14:56:46.373559,,,,
Twitter,2,24.52,2,2020-08-07 19:13:40.423380,,,,
Facebook,10,24.5,1,2020-08-07 20:11:52.396077,,,,
Google,10,24.5,2,2020-08-08 11:29:22.061832,,,,
Instagram,10,24.5,1,2020-08-08 13:31:44.267699,,,,
Twitter,1,24.52,2,2020-08-08 13:52:01.185934,,,,
Facebook,1,24.52,1,2020-08-08 19:16:17.207928,,,,
Google,20,24.5,2,2020-08-08 19:33:29.623196,,,,
Instagram,2,24.52,1,2020-08-09 09:10:46.673471,,,,
Twitter,10,24.5,2,2020-08-09 11:01:16.962436,,,,
Facebook,10,24.5,1,2020-08-09 15:14:35.128002,,,,
Google,1,24.52,2,2020-08-09 16:33:16.870366,,,,
Instagram,2,24.52,1,2020-08-09 18:45:37.467805,,,,
Twitter,1,24.52,2,2020-08-09 19:33:18.365278,,,,
Facebook,15,24.5,1,2020-08-10 14:00:57.689260,,,,
Google,1,24.52,2,2020-08-10 14:43:58.820260,,,,
Instagram,10,24.5,1,2020-08-10 15:24:12.591957,,,,
Twitter,1,24.52,2,2020-08-10 16:28:25.838697,,,,
Facebook,50,24.45,1,2020-08-10 17:35:08.858258,,,,
Google,20,24.5,2,2020-08-10 17:49:36.699672,,,,
Instagram,1,24.52,1,2020-08-10 21:17:45.737555,,,,
Twitter,1,24.52,2,2020-08-10 23:39:34.334973,,,,
Facebook,10,24.5,1,2020-08-11 00:22:24.920676,,,,
Google,1,24.52,2,2020-08-11 18:35:42.342926,,,,
Instagram,1,24.52,1,2020-08-11 19:03:53.996483,,,,
Twitter,1,24.52,2,2020-08-12 10:06:59.828312,,,,
Facebook,1,24.52,1,2020-08-12 11:13:03.211408,,,,
Google,5,24.52,2,2020-08-12 14:59:46.895149,,,,
Instagram,10,24.5,1,2020-08-12 22:03:49.438194,,,,
Twitter,1,24.52,2,2020-08-13 12:05:44.323634,,,,
Facebook,10,24.5,1,2020-08-13 14:42:29.229482,,,,
Google,1,24.52,2,2020-08-13 17:52:35.654290,,,,
Instagram,20,24.5,1,2020-08-13 23:33:11.533027,,,,
Twitter,4,24.52,2,2020-08-14 20:16:14.303713,,,,
Facebook,2,24.52,1,2020-08-14 23:31:49.479189,,,,
Google,50,24.45,2,2020-08-15 13:27:05.471935,,,,
Instagram,10,24.5,1,2020-08-15 16:21:49.169027,,,,
Twitter,5,24.52,2,2020-08-15 16:39:59.575221,,,,
Facebook,5,24.52,1,2020-08-16 15:05:26.975577,,,,
Google,50,24.45,2,2020-08-17 15:07:58.464536,,,,
Instagram,1,24.52,1,2020-08-17 17:03:03.019781,,,,
Twitter,2,24.52,2,2020-08-17 17:13:33.971760,,,,
Facebook,1,24.52,1,2020-08-17 17:34:14.277600,,,,
Google,1,24.52,2,2020-08-17 18:33:59.190315,,,,
Instagram,1,24.52,1,2020-08-17 18:36:52.192974,,,,
Twitter,10,24.5,2,2020-08-17 19:18:13.282347,,,,
Facebook,30,24.5,1,2020-08-18 07:01:56.600442,,,,
Google,1,24.52,2,2020-08-18 15:30:12.140575,,,,
Instagram,1,24.52,1,2020-08-18 21:29:04.155847,,,,
Twitter,4,24.52,2,2020-08-18 21:29:09.424822,,,,
Facebook,10,24.5,1,2020-08-18 22:13:54.028493,,,,
Google,1,24.52,2,2020-08-18 22:32:17.647458,,,,
Instagram,1,24.52,1,2020-08-19 05:53:37.952034,,,,
Twitter,15,24.5,2,2020-08-19 08:25:17.448900,,,,
Facebook,1,24.52,1,2020-08-19 10:48:50.707916,,,,
Google,1,24.52,2,2020-08-19 11:09:48.871636,,,,
Instagram,412,24.42,1,2020-08-20 08:39:39.750207,,,,
Twitter,188,24.42,2,2020-08-20 09:00:41.626256,,,,
Facebook,10,24.5,1,2020-08-20 16:18:56.292600,,,,
Google,10,24.5,2,2020-08-21 18:01:42.618337,,,,
Instagram,10,24.5,1,2020-08-21 18:30:20.578199,,,,
Twitter,10,24.5,2,2020-08-21 18:34:17.248680,,,,
Facebook,50,24.45,1,2020-08-22 14:50:37.185020,,,,
Google,1,24.52,2,2020-08-23 05:59:05.063512,,,,
Instagram,1,24.52,1,2020-08-23 06:23:53.654302,,,,
Twitter,1,24.52,2,2020-08-23 11:10:09.063846,,,,
Facebook,10,24.5,1,2020-08-23 16:07:34.865935,,,,
Google,2,24.52,2,2020-08-23 16:19:09.702701,,,,
Instagram,1,24.52,1,2020-08-23 16:35:24.276548,,,,
Twitter,4,24.52,2,2020-08-23 17:11:31.617021,,,,
Facebook,4,24.52,1,2020-08-23 20:41:33.577451,,,,
Google,1,24.52,2,2020-08-24 05:50:41.717820,,,,
Instagram,4,24.52,1,2020-08-24 08:20:25.590082,,,,
Twitter,2,24.52,2,2020-08-24 12:52:58.167943,,,,
Facebook,1,24.52,1,2020-08-24 14:17:44.170676,,,,
Google,1,24.52,2,2020-08-24 14:31:23.100434,,,,
Instagram,10,24.5,1,2020-08-24 15:52:05.721747,,,,
Twitter,1,24.52,2,2020-08-24 17:19:51.189934,,,,
Facebook,10,24.5,1,2020-08-24 21:17:40.180614,,,,
Google,10,24.5,2,2020-08-25 11:33:37.440326,,,,
Instagram,1,24.52,1,2020-08-25 13:15:14.937235,,,,
Twitter,50,24.45,2,2020-08-25 17:27:17.612910,,,,
Facebook,2,24.52,1,2020-08-25 20:41:09.167456,,,,
Google,10,24.5,2,2020-08-26 02:39:16.007357,,,,
Instagram,1,24.52,1,2020-08-26 08:08:00.027959,,,,
Twitter,1,24.52,2,2020-08-26 09:43:56.563211,,,,
Facebook,1,24.52,1,2020-08-26 11:30:49.775394,,,,
Google,1,24.52,2,2020-08-26 17:26:53.990929,,,,
Instagram,1,24.52,1,2020-08-26 17:43:44.965149,,,,
Twitter,1,24.52,2,2020-08-26 20:21:54.406369,,,,
Facebook,10,24.5,1,2020-08-27 02:10:06.763744,,,,
Google,2,24.52,2,2020-08-27 09:34:23.367662,,,,
Instagram,100,24.42,1,2020-08-27 16:33:50.939029,,,,
Twitter,5,24.52,2,2020-08-27 20:38:26.065607,,,,
Facebook,20,24.5,1,2020-08-28 19:48:52.726103,,,,
Google,50,24.45,2,2020-08-28 20:46:44.776681,,,,
Instagram,1,24.52,1,2020-08-28 21:19:33.908359,,,,
Twitter,10,24.5,2,2020-08-28 22:30:50.960533,,,,
Facebook,10,24.5,1,2020-08-29 06:38:02.033705,,,,
Google,1,24.52,2,2020-08-29 17:56:11.244654,,,,
Instagram,2,24.52,1,2020-08-29 22:40:10.475276,,,,
Twitter,1,24.52,2,2020-08-30 09:30:52.832413,,,,
Facebook,1,24.52,1,2020-08-30 11:57:08.441292,,,,
Google,37,24.5,2,2020-08-30 19:43:08.149989,,,,
Instagram,50,24.45,1,2020-08-30 21:30:07.919167,,,,
Twitter,4,24.52,2,2020-08-31 15:52:21.076383,,,,
Facebook,1,24.52,1,2020-09-01 13:56:27.878786,,,,
Google,10,24.5,2,2020-09-01 21:50:04.854740,,,,
Instagram,1,24.52,1,2020-09-02 10:07:23.582337,,,,
Twitter,1,24.52,2,2020-09-02 14:11:06.572974,,,,
Facebook,1,24.52,1,2020-09-02 16:55:05.087944,,,,
Google,1,24.52,2,2020-09-02 17:26:36.908939,,,,
Instagram,10,24.5,1,2020-09-02 19:37:07.133404,,,,
Twitter,30,24.5,2,2020-09-03 08:24:41.816088,,,,
Facebook,35,24.5,1,2020-09-03 12:56:12.883439,,,,
Google,10,24.5,2,2020-09-03 15:12:24.084062,,,,
Instagram,1,24.52,1,2020-09-03 15:14:30.748004,,,,
Twitter,50,24.45,2,2020-09-03 17:14:46.993085,,,,
Facebook,10,24.5,1,2020-09-03 21:05:48.512996,,,,
Google,1,24.52,2,2020-09-04 16:41:43.155517,,,,
Instagram,1,24.52,1,2020-09-04 18:08:38.635470,,,,
Twitter,10,24.5,2,2020-09-04 19:27:51.442742,,,,
Facebook,1,24.52,1,2020-09-05 07:04:21.337947,,,,
Google,2,24.52,2,2020-09-05 08:25:56.522599,,,,
Instagram,4,24.52,1,2020-09-05 13:17:28.351689,,,,
Twitter,1,24.52,2,2020-09-05 13:51:55.162780,,,,
Facebook,1,24.52,1,2020-09-05 14:05:47.148518,,,,
Google,1,24.52,2,2020-09-05 14:09:32.541504,,,,
Instagram,1,24.52,1,2020-09-05 14:44:27.087265,,,,
Twitter,1,24.52,2,2020-09-05 15:22:37.318969,,,,
Facebook,1,24.52,1,2020-09-05 17:38:23.091662,,,,
Google,10,24.5,2,2020-09-06 04:13:52.393936,,,,
Instagram,1,24.52,1,2020-09-06 06:08:24.965611,,,,
Twitter,1,24.52,2,2020-09-06 13:16:43.648624,,,,
Facebook,2,24.52,1,2020-09-06 13:43:29.790636,,,,
Google,10,24.5,2,2020-09-06 17:16:26.296338,,,,
Instagram,150,24.42,1,2020-09-06 23:19:08.899547,,,,
Twitter,2,24.52,2,2020-09-07 05:19:56.517651,,,,
Facebook,1,24.52,1,2020-09-07 07:10:47.766918,,,,
Google,1,24.52,2,2020-09-07 09:10:59.818047,,,,
Instagram,1,24.52,1,2020-09-07 15:15:31.741093,,,,
Twitter,1,24.52,2,2020-09-08 12:16:47.887099,,,,
Facebook,1,24.52,1,2020-09-08 13:09:10.682909,,,,
Google,1,24.52,2,2020-09-08 22:33:32.894200,,,,
Instagram,3,24.52,1,2020-09-09 17:19:44.900870,,,,
Twitter,2,24.52,2,2020-09-09 18:16:35.054775,,,,
Facebook,1,24.52,1,2020-09-09 20:12:12.203533,,,,
Google,10,24.5,2,2020-09-10 05:11:49.887764,,,,
Instagram,2,24.52,1,2020-09-10 20:55:40.476204,,,,
Twitter,10,24.5,2,2020-09-12 15:34:02.866033,,,,
Facebook,5,24.52,1,2020-09-13 21:25:03.060657,,,,
Google,10,24.5,2,2020-09-14 13:50:52.218895,,,,
Instagram,13,24.5,1,2020-09-14 16:08:09.709261,,,,
Twitter,8,24.52,2,2020-09-14 18:50:53.274207,,,,
Facebook,1,24.52,1,2020-09-14 20:07:13.580585,,,,
Google,2,24.52,2,2020-09-14 20:36:11.018491,,,,
Instagram,2,24.52,1,2020-09-15 08:41:32.420626,,,,
Twitter,1,24.52,2,2020-09-15 17:11:32.458649,,,,
Facebook,1,24.52,1,2020-09-15 21:57:46.868224,,,,
Google,1,24.52,2,2020-09-16 02:38:56.848242,,,,
Instagram,50,24.45,1,2020-09-16 18:35:42.817204,,,,
Twitter,2,24.52,2,2020-09-17 06:37:21.155077,,,,
Facebook,1,24.52,1,2020-09-17 14:28:05.951595,,,,
Google,10,24.5,2,2020-09-17 14:47:36.204262,,,,
Instagram,1,24.52,1,2020-09-17 15:03:02.589974,,,,
Twitter,1,24.52,2,2020-09-17 16:36:50.153041,,,,
Facebook,1,24.52,1,2020-09-17 21:56:12.831765,,,,
Google,10,24.5,2,2020-09-17 23:42:01.169394,,,,
Instagram,10,24.5,1,2020-09-18 18:40:04.347205,,,,
Twitter,50,24.45,2,2020-09-18 21:22:35.123633,,,,
Facebook,10,24.5,1,2020-09-18 23:19:33.012661,,,,
Google,10,24.5,2,2020-09-18 23:46:43.475413,,,,
Instagram,30,24.5,1,2020-09-19 09:32:38.498526,,,,
Twitter,1,24.52,2,2020-09-19 09:35:51.804483,,,,
Facebook,1,24.52,1,2020-09-19 10:20:59.981082,,,,
Google,1,24.52,2,2020-09-19 15:35:04.289960,,,,
Instagram,4,24.52,1,2020-09-19 16:54:24.521844,,,,
Twitter,1,24.52,2,2020-09-19 17:21:34.959756,,,,
Facebook,1,24.52,1,2020-09-19 17:21:58.640086,,,,
Google,1,24.52,2,2020-09-19 17:47:24.176947,,,,
Instagram,10,24.5,1,2020-09-19 18:38:25.818734,,,,
Twitter,1,24.52,2,2020-09-19 21:19:09.102313,,,,
Facebook,1,24.52,1,2020-09-19 21:29:55.427126,,,,
Google,1,24.52,2,2020-09-20 09:26:03.483843,,,,
Instagram,2,24.52,1,2020-09-20 11:01:00.359351,,,,
Twitter,2,24.52,2,2020-09-20 11:23:36.148224,,,,
Facebook,1,24.52,1,2020-09-20 14:44:10.822574,,,,
Google,50,24.45,2,2020-09-20 15:10:38.064490,,,,
Instagram,50,24.45,1,2020-09-20 22:52:17.099404,,,,
Twitter,1,24.52,2,2020-09-21 03:07:55.559914,,,,
Facebook,1,24.52,1,2020-09-21 03:15:34.938505,,,,
Google,1,24.52,2,2020-09-21 09:55:13.369403,,,,
Instagram,20,24.5,1,2020-09-21 13:22:08.305484,,,,
Twitter,1,24.52,2,2020-09-21 14:48:30.508394,,,,
Facebook,1,24.52,1,2020-09-21 20:44:39.181796,,,,
Google,1,24.52,2,2020-09-22 11:07:22.734956,,,,
Instagram,1,24.52,1,2020-09-22 13:21:03.182769,,,,
Twitter,1,24.52,2,2020-09-22 13:24:48.368885,,,,
Facebook,1,24.52,1,2020-09-22 13:48:09.617311,,,,
Google,1,24.52,2,2020-09-22 15:22:58.220345,,,,
Instagram,3,24.52,1,2020-09-22 15:25:07.838535,,,,
Twitter,2,24.52,2,2020-09-22 17:58:02.204940,,,,
Facebook,5,24.52,1,2020-09-22 21:10:27.797953,,,,
Google,1,24.52,2,2020-09-23 12:31:47.741041,,,,
Instagram,4,24.52,1,2020-09-23 19:25:32.556613,,,,
Twitter,1,24.52,2,2020-09-23 21:29:50.323799,,,,
Facebook,2,24.52,1,2020-09-24 05:16:20.133864,,,,
Google,1,24.52,2,2020-09-24 13:17:51.496199,,,,
Instagram,1,24.52,1,2020-09-24 14:11:45.912375,,,,
Twitter,50,24.45,2,2020-09-24 15:56:50.170890,,,,
Facebook,20,24.5,1,2020-09-24 17:17:09.546273,,,,
Google,1,24.52,2,2020-09-24 17:52:43.773335,,,,
Instagram,1,24.52,1,2020-09-24 18:25:33.839480,,,,
Twitter,1,24.52,2,2020-09-25 14:47:32.056551,,,,
Facebook,3,24.52,1,2020-09-25 15:19:23.579278,,,,
Google,10,24.5,2,2020-09-25 15:31:58.231559,,,,
Instagram,10,24.5,1,2020-09-25 16:39:23.493684,,,,
Twitter,10,24.5,2,2020-09-25 18:37:48.778795,,,,
Facebook,1,24.52,1,2020-09-25 20:03:47.616910,,,,
Google,1,24.52,2,2020-09-26 05:26:20.881400,,,,
Instagram,1,24.52,1,2020-09-26 09:56:59.190271,,,,
Twitter,1,24.52,2,2020-09-26 10:21:17.834109,,,,
Facebook,2,24.52,1,2020-09-26 13:39:27.766825,,,,
Google,1,24.52,2,2020-09-26 19:29:07.629946,,,,
Instagram,1,24.52,1,2020-09-26 20:00:25.352148,,,,
Twitter,2,24.52,2,2020-09-27 10:06:57.722261,,,,
Facebook,5,24.52,1,2020-09-27 11:04:48.145702,,,,
Google,1,24.52,2,2020-09-27 21:41:51.781441,,,,
Instagram,50,24.45,1,2020-09-27 21:52:44.077842,,,,
Twitter,1,24.52,2,2020-09-28 10:20:06.422628,,,,
Facebook,10,24.5,1,2020-09-28 12:10:24.771763,,,,
Google,1,24.52,2,2020-09-28 21:02:14.479848,,,,
Instagram,1,24.52,1,2020-09-28 21:31:41.795566,,,,
Twitter,3,24.52,2,2020-09-29 11:10:00.479769,,,,
Facebook,5,24.52,1,2020-09-29 18:49:36.608564,,,,
Google,1,24.52,2,2020-09-29 18:50:08.026414,,,,
Instagram,10,24.5,1,2020-09-29 19:35:07.390480,,,,
Twitter,1,24.52,2,2020-09-30 00:04:55.463256,,,,
Facebook,2,24.52,1,2020-09-30 10:10:17.233042,,,,
Google,1,24.52,2,2020-09-30 11:38:04.625292,,,,
Instagram,1,24.52,1,2020-09-30 14:27:03.744465,,,,
Twitter,1,24.52,2,2020-09-30 14:38:45.448704,,,,
Facebook,1,24.52,1,2020-09-30 15:20:25.024356,,,,
Google,2,24.52,2,2020-09-30 20:32:49.977476,,,,
Instagram,4,24.52,1,2020-10-01 09:35:29.493638,,,,
Twitter,1,24.52,2,2020-10-01 09:49:43.832435,,,,
Facebook,1,24.52,1,2020-10-01 15:15:11.067740,,,,
Google,5,24.52,2,2020-10-01 16:08:27.929258,,,,
Instagram,50,24.45,1,2020-10-02 02:42:57.279933,,,,
Twitter,2,24.52,2,2020-10-02 14:20:59.079751,,,,
Facebook,1,24.52,1,2020-10-02 16:34:53.276020,,,,
Google,10,24.5,2,2020-10-02 16:58:15.020581,,,,
Instagram,2,24.52,1,2020-10-02 17:03:30.646707,,,,
Twitter,100,24.42,2,2020-10-02 19:43:18.461565,,,,
Facebook,14,24.5,1,2020-10-03 00:36:41.798166,,,,
Google,1,24.52,2,2020-10-03 12:17:00.258260,,,,
Instagram,4,24.52,1,2020-10-03 13:02:07.118782,,,,
Twitter,50,24.45,2,2020-10-04 15:13:13.925690,,,,
Facebook,1,24.52,1,2020-10-04 15:51:05.453608,,,,
Google,2,24.52,2,2020-10-04 16:51:50.297480,,,,
Instagram,1,24.52,1,2020-10-04 23:37:42.004732,,,,
Twitter,4,24.52,2,2020-10-05 11:15:59.806452,,,,
Facebook,1,24.52,1,2020-10-05 12:01:12.293051,,,,
Google,1,24.52,2,2020-10-05 13:07:10.009916,,,,
Instagram,1,24.52,1,2020-10-05 14:18:16.240510,,,,
Twitter,1,24.52,2,2020-10-05 15:33:26.068165,,,,
Facebook,100,24.42,1,2020-10-05 20:58:43.698765,,,,
Google,1,24.52,2,2020-10-05 21:50:00.728426,,,,
Instagram,21,24.5,1,2020-10-06 03:33:16.675461,,,,
Twitter,2,24.52,2,2020-10-06 11:01:37.763331,,,,
Facebook,110,24.42,1,2020-10-06 14:03:28.550182,,,,
Google,1,24.52,2,2020-10-06 15:35:19.540934,,,,
Instagram,10,24.5,1,2020-10-06 16:34:58.087136,,,,
Twitter,1,24.52,2,2020-10-07 08:01:35.093650,,,,
Facebook,1,24.52,1,2020-10-07 12:00:24.082550,,,,
Google,1,24.52,2,2020-10-07 16:52:28.797326,,,,
Instagram,1,24.52,1,2020-10-07 18:30:19.854912,,,,
Twitter,10,24.5,2,2020-10-07 19:05:38.284478,,,,
Facebook,11,24.5,1,2020-10-08 00:20:51.723793,,,,
Google,2,24.52,2,2020-10-08 06:36:33.182847,,,,
Instagram,1,24.52,1,2020-10-08 11:53:55.889989,,,,
Twitter,10,24.5,2,2020-10-08 16:19:44.431451,,,,
Facebook,20,24.5,1,2020-10-08 17:43:06.725981,,,,
Google,1,24.52,2,2020-10-08 17:43:15.104130,,,,
Instagram,10,24.5,1,2020-10-08 18:44:46.814206,,,,
Twitter,10,24.5,2,2020-10-08 19:57:46.556827,,,,
Facebook,1,24.52,1,2020-10-08 20:20:17.850034,,,,
Google,1,24.52,2,2020-10-08 20:33:08.899905,,,,
Instagram,1,24.52,1,2020-10-09 21:37:13.892413,,,,
Twitter,50,24.45,2,2020-10-09 22:00:05.554917,,,,
Facebook,1,24.52,1,2020-10-10 10:16:40.528667,,,,
Google,4,24.52,2,2020-10-10 13:16:09.021691,,,,
Instagram,1,24.52,1,2020-10-10 23:46:03.894551,,,,
Twitter,1,24.52,2,2020-10-11 06:49:59.019341,,,,
Facebook,15,24.5,1,2020-10-11 10:07:43.620127,,,,
Google,1,24.52,2,2020-10-11 12:53:17.690887,,,,
Instagram,2,24.52,1,2020-10-11 18:36:03.465153,,,,
Twitter,1,24.52,2,2020-10-12 17:23:43.524297,,,,
Facebook,100,24.42,1,2020-10-12 19:08:16.305588,,,,
Google,5,24.52,2,2020-10-13 06:40:15.261349,,,,
Instagram,1,24.52,1,2020-10-13 10:08:28.414262,,,,
Twitter,1,24.52,2,2020-10-13 11:34:05.357114,,,,
Facebook,1,24.52,1,2020-10-13 15:34:18.851756,,,,
Google,1,24.52,2,2020-10-13 18:55:44.535246,,,,
Instagram,1,24.52,1,2020-10-13 21:03:43.946487,,,,
Twitter,1,24.52,2,2020-10-14 00:31:16.642256,,,,
Facebook,20,24.5,1,2020-10-14 03:39:55.251999,,,,
Google,1,24.52,2,2020-10-14 13:55:28.945709,,,,
Instagram,2,24.52,1,2020-10-14 15:50:17.465731,,,,
Twitter,1,24.52,2,2020-10-14 17:01:56.098092,,,,
Facebook,2,24.52,1,2020-10-14 22:39:56.377833,,,,
Google,1,24.52,2,2020-10-15 05:41:16.744516,,,,
Instagram,1,24.52,1,2020-10-15 05:43:36.774012,,,,
Twitter,1,24.52,2,2020-10-15 05:43:49.729325,,,,
Facebook,50,24.45,1,2020-10-15 14:01:21.707221,,,,
Google,1,24.52,2,2020-10-15 17:41:51.071039,,,,
Instagram,15,24.5,1,2020-10-15 17:44:11.972640,,,,
Twitter,10,24.5,2,2020-10-15 19:08:08.305039,,,,
Facebook,3,24.52,1,2020-10-15 20:44:37.637594,,,,
Google,10,24.5,2,2020-10-15 21:27:49.862033,,,,
Instagram,2,24.52,1,2020-10-16 08:00:12.969012,,,,
Twitter,1,24.52,2,2020-10-16 12:27:48.583055,,,,
Facebook,2,24.52,1,2020-10-16 17:13:58.285959,,,,
Google,1,24.52,2,2020-10-16 19:42:38.736538,,,,
Instagram,1,24.52,1,2020-10-17 17:11:13.410527,,,,
Twitter,1,24.52,2,2020-10-17 17:21:36.935096,,,,
Facebook,1,24.52,1,2020-10-17 21:56:30.661299,,,,
Google,1,24.52,2,2020-10-18 08:56:15.486593,,,,
Instagram,10,24.5,1,2020-10-18 13:55:12.936742,,,,
Twitter,1,24.52,2,2020-10-18 15:27:00.824573,,,,
Facebook,50,24.45,1,2020-10-18 15:54:56.067917,,,,
Google,1,24.52,2,2020-10-18 18:31:31.350420,,,,
Instagram,5,24.52,1,2020-10-19 13:58:01.116798,,,,
Twitter,1,24.52,2,2020-10-19 17:43:27.433459,,,,
Facebook,1,24.52,1,2020-10-19 18:55:13.554400,,,,
Google,10,24.5,2,2020-10-19 21:46:40.046698,,,,
Instagram,20,24.5,1,2020-10-20 07:12:27.297878,,,,
Twitter,11,24.5,2,2020-10-20 14:56:11.660460,,,,
Facebook,1,24.52,1,2020-10-20 18:14:45.334218,,,,
Google,41,24.5,2,2020-10-20 18:59:32.243301,,,,
Instagram,100,24.42,1,2020-10-20 20:39:38.198513,,,,
Twitter,1,24.52,2,2020-10-20 21:10:17.006745,,,,
Facebook,1,24.52,1,2020-10-21 04:11:16.599105,,,,
Google,1,24.52,2,2020-10-21 15:29:59.608697,,,,
Instagram,3,24.52,1,2020-10-21 15:37:09.695072,,,,
Twitter,1,24.52,2,2020-10-21 20:19:50.160253,,,,
Facebook,10,24.5,1,2020-10-22 03:35:59.648475,,,,
Google,10,24.5,2,2020-10-22 15:21:57.243842,,,,
Instagram,1,24.52,1,2020-10-22 15:37:21.283813,,,,
Twitter,1,24.52,2,2020-10-22 17:14:48.062358,,,,
Facebook,1,24.52,1,2020-10-22 19:02:45.266097,,,,
Google,20,24.5,2,2020-10-22 19:27:18.568682,,,,
Instagram,50,24.45,1,2020-10-22 19:42:10.967261,,,,
Twitter,10,24.5,2,2020-10-23 15:56:23.502636,,,,
Facebook,70,24.45,1,2020-10-23 20:08:04.966308,,,,
Google,10,24.5,2,2020-10-23 21:47:25.169211,,,,
Instagram,1,24.52,1,2020-10-24 11:58:26.346039,,,,
Twitter,1,24.52,2,2020-10-24 13:12:29.439270,,,,
Facebook,1,24.52,1,2020-10-24 15:37:31.187081,,,,
Google,1,24.52,2,2020-10-24 18:33:26.595334,,,,
Instagram,6,24.52,1,2020-10-24 19:32:59.170945,,,,
Twitter,1,24.52,2,2020-10-25 07:03:25.892378,,,,
Facebook,1,24.52,1,2020-10-25 10:43:46.614526,,,,
Google,50,24.45,2,2020-10-25 20:08:28.703304,,,,
Instagram,30,24.5,1,2020-10-26 00:40:45.304300,,,,
Twitter,1,24.52,2,2020-10-26 15:12:59.582777,,,,
Facebook,1,24.52,1,2020-10-26 16:05:37.039478,,,,
Google,100,24.42,2,2020-10-26 17:14:19.096926,,,,
Instagram,1,24.52,1,2020-10-26 21:16:17.961512,,,,
Twitter,10,24.5,2,2020-10-27 02:43:08.594546,,,,
Facebook,5,24.52,1,2020-10-27 05:26:06.058812,,,,
Google,2,24.52,2,2020-10-27 10:18:39.248629,,,,
Instagram,2,24.52,1,2020-10-27 17:19:35.549315,,,,
Twitter,4,24.52,2,2020-10-27 19:08:05.775459,,,,
Facebook,30,24.5,1,2020-10-28 07:35:39.743922,,,,
Google,10,24.5,2,2020-10-28 08:51:07.617727,,,,
Instagram,4,24.52,1,2020-10-28 09:40:09.870518,,,,
Twitter,4,24.52,2,2020-10-28 13:17:05.852445,,,,
Facebook,2,24.52,1,2020-10-28 14:49:07.695727,,,,
Google,50,24.45,2,2020-10-28 21:02:34.104589,,,,
Instagram,1,24.52,1,2020-10-29 10:37:45.228994,,,,
Twitter,1,24.52,2,2020-10-29 19:51:26.658993,,,,
Facebook,2,24.52,1,2020-10-29 20:17:22.963269,,,,
Google,1,24.52,2,2020-10-30 05:51:18.569101,,,,
Instagram,10,24.5,1,2020-10-30 19:24:38.031104,,,,
Twitter,1,24.52,2,2020-10-30 22:05:26.751496,,,,
Facebook,1,24.52,1,2020-10-31 00:41:36.392619,,,,
Google,50,24.45,2,2020-10-31 13:27:08.615825,,,,
Instagram,4,24.52,1,2020-10-31 14:18:59.826634,,,,
Twitter,10,24.5,2,2020-10-31 15:22:36.136929,,,,
Facebook,1,24.52,1,2020-10-31 15:27:11.243613,,,,
Google,1,24.52,2,2020-10-31 19:01:47.438410,,,,
Instagram,1,24.52,1,2020-10-31 20:24:53.366502,,,,
Twitter,1,24.52,2,2020-11-01 00:27:51.559765,,,,
Facebook,5,24.52,1,2020-11-01 16:40:54.901607,,,,
Google,31,24.5,2,2020-11-02 01:49:00.476486,,,,
Instagram,50,24.45,1,2020-11-02 14:19:13.059930,,,,
Twitter,2,24.52,2,2020-11-02 16:37:19.759407,,,,
Facebook,2,24.52,1,2020-11-02 21:01:34.663200,,,,
Google,1,24.52,2,2020-11-02 21:45:40.324257,,,,
Instagram,10,24.5,1,2020-11-03 01:44:22.794249,,,,
Twitter,10,24.5,2,2020-11-03 07:37:04.015286,,,,
Facebook,1,24.52,1,2020-11-03 10:41:23.337483,,,,
Google,10,47,2,2019-08-08 15:06:10.727707,,,,
Instagram,3,47.1,1,2019-08-08 17:29:54.350784,,,,
Twitter,20,47,2,2019-08-08 17:59:25.450389,,,,
Facebook,10,47,1,2019-08-08 18:27:21.056368,,,,
Google,40,47,2,2019-08-11 20:09:58.643250,,,,
Instagram,3,47.1,1,2019-08-12 21:34:35.567826,,,,
Twitter,15,47,2,2019-08-13 15:41:20.551517,,,,
Facebook,3,47.1,1,2019-08-16 13:15:58.023856,,,,
Google,3,47.1,2,2019-08-16 19:50:59.693081,,,,
Instagram,3,47.1,1,2019-08-16 19:58:41.613979,,,,
Twitter,3,47.1,2,2019-08-19 18:32:26.582964,,,,
Facebook,41,47,1,2019-08-19 22:33:08.828063,,,,
Google,20,47,2,2019-08-26 19:03:51.200472,,,,
Instagram,6,47.1,1,2019-08-27 14:16:50.859458,,,,
Twitter,3,47.1,2,2019-08-27 20:54:59.256200,,,,
Facebook,20,47,1,2019-08-29 07:06:20.601601,,,,
Google,3,47.1,2,2019-08-29 15:58:45.755234,,,,
Instagram,20,47,1,2019-08-30 15:45:45.735154,,,,
Twitter,10,47,2,2019-08-30 19:03:00.337670,,,,
Facebook,5,47.1,1,2019-09-01 04:29:16.821502,,,,
Google,10,47,2,2019-09-01 04:32:06.988311,,,,
Instagram,10,47,1,2019-09-01 11:40:25.397813,,,,
Twitter,9,47.1,2,2019-09-04 14:35:31.760348,,,,
Facebook,15,47,1,2019-09-05 06:31:27.539627,,,,
Google,4,47.1,2,2019-09-05 17:57:59.182045,,,,
Instagram,15,47,1,2019-09-12 14:43:57.218165,,,,
Twitter,3,47.1,2,2019-09-26 15:49:34.655872,,,,
Facebook,16,47,1,2019-09-26 21:52:38.558693,,,,
Google,21,47,2,2019-09-27 08:25:59.393354,,,,
Instagram,29,47,1,2019-10-08 20:56:04.528491,,,,
Twitter,20,47,2,2019-10-11 14:15:36.084609,,,,
Facebook,30,47,1,2019-10-12 01:37:15.361295,,,,
Google,1,47.1,2,2019-10-21 18:31:45.343991,,,,
Instagram,2,47.1,1,2019-10-21 18:52:24.517487,,,,
Twitter,3,47.1,2,2019-10-21 19:06:33.037813,,,,
Facebook,2,47.1,1,2019-10-21 19:38:41.287308,,,,
Google,12,47,2,2019-10-21 21:09:51.996593,,,,
Instagram,27,47,1,2019-10-22 16:54:02.541406,,,,
Twitter,1,47.1,2,2019-10-29 21:21:41.166656,,,,
Facebook,2,47.1,1,2019-10-30 22:04:14.254808,,,,
Google,2,47.1,2,2019-10-30 23:14:57.673531,,,,
Instagram,10,47,1,2019-10-31 15:07:55.409498,,,,
Twitter,3,47.1,2,2019-10-31 17:18:35.575112,,,,
Facebook,30,46.7,1,2019-11-26 10:58:43.313313,,,,
Google,1,46.75,2,2019-11-26 12:56:35.131157,,,,
Instagram,68,46.65,1,2019-11-26 18:01:08.287410,,,,
Twitter,10,46.7,2,2019-12-24 20:33:40.845205,,,,
Facebook,2,46.75,1,2019-12-25 06:32:48.680423,,,,
Google,10,46.7,2,2019-12-25 09:32:43.435592,,,,
Instagram,1,46.75,1,2019-12-25 11:33:05.943819,,,,
Twitter,15,46.7,2,2019-12-25 22:31:58.463067,,,,
Facebook,1,46.75,1,2019-12-27 10:28:02.995554,,,,
Google,2,46.75,2,2019-12-27 16:03:04.450424,,,,
Instagram,50,46.65,1,2019-12-27 19:58:33.739424,,,,
Twitter,1,46.75,2,2019-12-27 20:06:03.880614,,,,
Facebook,8,46.75,1,2019-12-27 20:58:37.105405,,,,
Google,2,46.75,2,2019-12-30 08:32:19.869719,,,,
Instagram,20,46.7,1,2020-01-01 13:40:46.774031,,,,
Twitter,8,46.75,2,2020-01-01 23:57:14.036970,,,,
Facebook,10,46.7,1,2020-01-02 16:44:42.422989,,,,
Google,20,46.7,2,2020-01-03 11:47:51.475219,,,,
Instagram,1,46.75,1,2020-01-04 21:19:07.245928,,,,
Twitter,2,46.75,2,2020-01-05 13:27:49.323136,,,,
Facebook,15,46.7,1,2020-01-06 08:54:18.567398,,,,
Google,1,46.75,2,2020-01-06 13:42:11.142640,,,,
Instagram,46,46.7,1,2020-01-06 17:44:54.498959,,,,
Twitter,15,46.7,2,2020-01-11 16:33:11.654939,,,,
Facebook,1,46.75,1,2020-01-12 02:54:40.652200,,,,
Google,1,46.75,2,2020-01-12 20:23:40.819087,,,,
Instagram,2,46.75,1,2020-01-12 21:53:34.898310,,,,
Twitter,1,46.75,2,2020-01-13 11:07:17.806221,,,,
Facebook,20,46.7,1,2020-01-13 16:39:31.801135,,,,
Google,1,46.75,2,2020-01-13 17:12:41.598668,,,,
Instagram,22,46.7,1,2020-01-13 17:15:43.638445,,,,
Twitter,1,46.75,2,2020-01-17 06:59:00.448810,,,,
Facebook,1,46.75,1,2020-01-17 14:17:24.211371,,,,
Google,4,46.75,2,2020-01-17 16:05:27.497035,,,,
Instagram,5,46.75,1,2020-01-18 12:52:54.935065,,,,
Twitter,1,46.75,2,2020-01-18 14:00:12.471184,,,,
Facebook,5,46.75,1,2020-01-18 20:41:23.990517,,,,
Google,10,46.7,2,2020-01-19 16:04:10.461161,,,,
Instagram,5,46.75,1,2020-01-19 23:00:04.407753,,,,
Twitter,1,46.75,2,2020-01-22 09:42:19.971889,,,,
Facebook,12,46.7,1,2020-01-22 17:39:34.229379,,,,
Google,1,46.75,2,2020-01-30 10:28:26.578453,,,,
Instagram,10,46.7,1,2020-01-30 15:27:39.830586,,,,
Twitter,30,46.7,2,2020-01-30 18:30:22.984477,,,,
Facebook,10,46.7,1,2020-01-31 23:41:07.395403,,,,
Google,5,46.75,2,2020-02-01 18:35:39.316344,,,,
Instagram,1,46.75,1,2020-02-03 07:15:11.360876,,,,
Twitter,17,46.7,2,2020-02-03 15:23:07.869769,,,,
Facebook,1,46.75,1,2020-02-07 17:54:40.331077,,,,
Google,20,46.7,2,2020-02-08 00:10:24.492447,,,,
Instagram,20,46.7,1,2020-02-09 08:10:09.315783,,,,
Twitter,1,46.6,2,2020-03-08 13:45:07.907709,,,,
Facebook,1,46.6,1,2020-03-08 14:23:32.560361,,,,
Google,1,46.6,2,2020-03-08 14:37:24.699849,,,,
Instagram,1,46.6,1,2020-03-10 12:09:01.933608,,,,
Twitter,1,46.6,2,2020-03-15 16:58:18.964225,,,,
Facebook,1,46.6,1,2020-03-16 18:28:07.471407,,,,
Google,2,46.6,2,2020-03-17 18:43:37.212831,,,,
Instagram,2,46.6,1,2020-03-18 06:44:46.203597,,,,
Twitter,5,46.6,2,2020-03-18 12:47:52.453465,,,,
Facebook,2,46.6,1,2020-03-18 16:28:21.051604,,,,
Google,2,46.6,2,2020-03-19 10:52:45.293250,,,,
Instagram,2,46.6,1,2020-03-19 13:43:48.535589,,,,
Twitter,20,46.5,2,2020-03-20 16:13:36.827970,,,,
Facebook,3,46.6,1,2020-03-24 22:25:12.073942,,,,
Google,3,46.6,2,2020-03-25 14:05:06.331847,,,,
Instagram,1,46.6,1,2020-03-25 14:34:08.658857,,,,
Twitter,1,46.6,2,2020-03-25 16:55:36.991528,,,,
Facebook,1,46.6,1,2020-03-26 17:14:42.947615,,,,
Google,23,46.5,2,2020-03-26 18:43:46.590829,,,,
Instagram,1,46.6,1,2020-03-26 19:22:25.887334,,,,
Twitter,20,46.5,2,2020-03-27 10:36:39.379028,,,,
Facebook,7,46.6,1,2020-03-27 14:42:23.187048,,,,
Google,2,46.6,2,2020-04-13 19:42:17.867362,,,,
Instagram,6,46.6,1,2020-05-06 23:34:11.626543,,,,
Twitter,50,46.45,2,2020-05-11 10:09:51.328777,,,,
Facebook,1,46.6,1,2020-05-11 11:24:21.470866,,,,
Google,3,46.6,2,2020-05-11 19:09:56.744951,,,,
Instagram,1,46.6,1,2020-05-13 10:38:42.507748,,,,
Twitter,9,46.6,2,2020-05-13 17:30:47.981386,,,,
Facebook,3,46.6,1,2020-05-13 21:12:55.260022,,,,
Google,1,46.6,2,2020-05-16 18:09:29.159887,,,,
Instagram,1,46.6,1,2020-05-18 22:33:11.248377,,,,
Twitter,1,46.6,2,2020-05-19 09:19:29.096944,,,,
Facebook,2,46.6,1,2020-05-20 17:01:13.366718,,,,
Google,1,46.6,2,2020-05-22 16:27:37.135576,,,,
Instagram,2,46.6,1,2020-05-23 20:12:17.584710,,,,
Twitter,1,46.6,2,2020-05-25 15:51:13.301752,,,,
Facebook,1,46.6,1,2020-05-26 07:12:52.080055,,,,
Google,1,46.6,2,2020-05-27 00:12:09.853182,,,,
Instagram,1,46.6,1,2020-05-27 10:34:59.373736,,,,
Twitter,1,46.6,2,2020-05-27 14:20:49.959691,,,,
Facebook,1,46.6,1,2020-05-27 19:07:06.419095,,,,
Google,1,46.6,2,2020-05-27 20:32:44.606089,,,,
Instagram,1,46.6,1,2020-05-29 21:27:32.398973,,,,
Twitter,10,46.5,2,2020-05-29 23:16:07.275192,,,,
Facebook,2,46.6,1,2020-05-30 00:55:52.084872,,,,
Google,1,46.6,2,2020-05-30 08:05:51.214340,,,,
Instagram,1,46.6,1,2020-06-01 13:25:52.096051,,,,
Twitter,3,46.6,2,2020-06-02 20:09:48.300139,,,,
Facebook,3,46.6,1,2020-06-06 19:51:39.281886,,,,
Google,1,46.6,2,2020-06-08 11:37:58.965801,,,,
Instagram,3,46.6,1,2020-06-08 14:27:39.109814,,,,
Twitter,3,46.6,2,2020-06-24 23:33:49.042915,,,,
Facebook,1,46.6,1,2020-06-25 19:22:09.530044,,,,
Google,5,46.6,2,2020-06-26 16:02:05.471254,,,,
Instagram,20,46.5,1,2020-06-26 16:14:30.932468,,,,
Twitter,1,46.6,2,2020-06-27 02:30:03.334134,,,,
Facebook,6,46.6,1,2020-06-27 02:35:22.834508,,,,
Google,1,46.6,2,2020-07-02 08:14:20.405723,,,,
Instagram,3,46.6,1,2020-07-02 17:22:33.054274,,,,
Twitter,5,46.6,2,2020-07-03 16:35:51.490332,,,,
Facebook,2,46.6,1,2020-07-07 10:02:17.881373,,,,
Google,1,46.6,2,2020-07-07 22:51:51.077219,,,,
Instagram,3,46.6,1,2020-07-07 23:14:50.722835,,,,
Twitter,1,46.6,2,2020-07-08 13:19:25.097054,,,,
Facebook,5,46.6,1,2020-07-08 15:43:20.077549,,,,
Google,2,46.6,2,2020-07-08 20:46:37.996918,,,,
Instagram,13,46.5,1,2020-07-09 12:27:47.838614,,,,
Twitter,1,47.1,2,2020-07-16 02:48:07.110882,,,,
Facebook,1,47.1,1,2020-07-16 06:57:16.788085,,,,
Google,1,47.1,2,2020-07-18 11:22:43.202085,,,,
Instagram,1,47.1,1,2020-07-18 14:36:00.336833,,,,
Twitter,1,47.1,2,2020-07-19 15:00:41.472871,,,,
Facebook,1,47.1,1,2020-07-21 18:43:54.442254,,,,
Google,1,47.1,2,2020-07-26 06:41:06.213533,,,,
Instagram,2,47.1,1,2020-07-26 17:34:48.656616,,,,
Twitter,1,47.1,2,2020-07-29 00:36:16.736866,,,,
Facebook,5,47.1,1,2020-07-29 00:50:54.880703,,,,
Google,2,47.1,2,2020-07-29 19:06:02.562664,,,,
Instagram,3,47.1,1,2020-07-30 02:10:47.224053,,,,
Twitter,1,47.1,2,2020-07-30 15:09:58.949098,,,,
Facebook,11,47.05,1,2020-07-31 01:50:51.705220,,,,
Google,3,9.5,2,2019-08-04 19:25:06.107004,,,,
Instagram,3,9.5,1,2019-08-08 19:13:38.894558,,,,
Twitter,3,9.5,2,2019-08-14 05:30:55.017000,,,,
Facebook,7,9.5,1,2019-08-14 05:51:30.488015,,,,
Google,3,9.5,2,2019-09-08 05:10:44.024692,,,,
Instagram,3,9.5,1,2019-11-03 23:26:57.166811,,,,
Twitter,3,9.7,2,2020-08-29 15:32:23.587800,,,,
Facebook,50,14.2,1,2019-07-03 16:15:09.779015,,,,
Google,30,14.25,2,2019-07-04 16:49:17.643957,,,,
Instagram,100,14.2,1,2019-07-06 06:41:23.664632,,,,
Twitter,4,14.3,2,2019-07-10 16:56:04.888593,,,,
Facebook,15,14.25,1,2019-07-12 20:00:24.433196,,,,
Google,10,14.25,2,2019-07-16 17:52:29.941159,,,,
Instagram,10,14.25,1,2019-07-21 14:09:58.057808,,,,
Twitter,15,14.25,2,2019-07-27 23:59:35.132331,,,,
Facebook,30,14.25,1,2019-07-29 11:08:40.892703,,,,
Google,30,14.25,2,2019-07-29 20:30:36.570087,,,,
Instagram,3,14.3,1,2019-07-30 08:47:04.592184,,,,
Twitter,50,14.2,2,2019-07-31 06:36:45.882454,,,,
Facebook,10,14.25,1,2019-08-02 19:18:05.102807,,,,
Google,25,14.25,2,2019-08-03 11:42:09.500333,,,,
Instagram,20,14.25,1,2019-08-05 15:26:00.382695,,,,
Twitter,4,14.3,2,2019-08-06 14:12:14.245209,,,,
Facebook,20,14.25,1,2019-08-08 15:15:18.723594,,,,
Google,50,14.2,2,2019-08-11 20:13:32.475599,,,,
Instagram,50,14.2,1,2019-08-16 19:52:22.623811,,,,
Twitter,20,14.25,2,2019-08-20 16:35:01.154175,,,,
Facebook,50,14.2,1,2019-08-21 09:53:02.883270,,,,
Google,30,14.25,2,2019-08-22 17:59:43.594312,,,,
Instagram,50,14.2,1,2019-08-24 16:11:05.063004,,,,
Twitter,100,14.2,2,2019-08-27 02:39:12.978896,,,,
Facebook,30,14.25,1,2019-08-29 07:06:42.536326,,,,
Google,50,14.2,2,2019-08-30 08:07:39.755637,,,,
Instagram,50,14.2,1,2019-08-30 19:52:08.056889,,,,
Twitter,50,14.2,2,2019-09-01 20:03:01.577026,,,,
Facebook,15,14.25,1,2019-09-01 20:33:57.835332,,,,
Google,18,14.25,2,2019-09-02 07:11:57.309680,,,,
Instagram,27,14.25,1,2019-09-02 16:43:41.863071,,,,
Twitter,24,14.25,2,2019-09-02 18:50:00.831197,,,,
Facebook,50,14.2,1,2019-09-05 16:11:16.326891,,,,
Google,20,14.25,2,2019-09-05 18:18:56.160404,,,,
Instagram,3,14.3,1,2019-09-08 15:59:34.779817,,,,
Twitter,100,14.2,2,2019-09-08 20:56:46.923923,,,,
Facebook,15,14.25,1,2019-09-10 02:50:02.575664,,,,
Google,25,14.25,2,2019-09-10 22:45:27.774790,,,,
Instagram,50,14.2,1,2019-09-11 21:33:49.756280,,,,
Twitter,50,14.2,2,2019-09-13 20:09:30.839647,,,,
Facebook,3,14.3,1,2019-09-14 02:59:45.078175,,,,
Google,30,14.25,2,2019-09-15 23:44:48.263587,,,,
Instagram,3,14.3,1,2019-09-24 18:10:47.523999,,,,
Twitter,4,14.3,2,2019-09-26 15:46:24.700941,,,,
Facebook,50,14.2,1,2019-09-26 21:51:16.128491,,,,
Google,20,14.25,2,2019-09-29 19:10:46.956785,,,,
Instagram,3,14.3,1,2019-09-30 13:24:23.201122,,,,
Twitter,100,14.2,2,2019-10-01 05:24:10.907968,,,,
Facebook,3,14.3,1,2019-10-02 12:40:13.022540,,,,
Google,3,14.3,2,2019-10-02 19:01:13.304536,,,,
Instagram,1,14.3,1,2019-10-03 21:19:01.857895,,,,
Twitter,30,14.25,2,2019-10-04 20:37:33.080334,,,,
Facebook,50,14.2,1,2019-10-05 00:10:41.772540,,,,
Google,50,14.2,2,2019-10-05 08:41:58.093976,,,,
Instagram,50,14.2,1,2019-10-08 20:56:49.950293,,,,
Twitter,100,14.2,2,2019-10-11 10:45:17.882662,,,,
Facebook,1,14.3,1,2019-10-14 16:43:29.178360,,,,
Google,100,14.2,2,2019-10-15 20:22:36.621795,,,,
Instagram,1,14.3,1,2019-10-17 17:37:15.976490,,,,
Twitter,50,14.2,2,2019-10-19 20:23:14.973345,,,,
